--- MySQL dump 10.13  Distrib 5.5.62, for Win64 (AMD64)
--
-- Host: localhost    Database: inventario
-- ------------------------------------------------------
-- Server version	5.7.33

/*!40101 SET @OLD_CHARACTER_SET_CLIENT=@@CHARACTER_SET_CLIENT */;
/*!40101 SET @OLD_CHARACTER_SET_RESULTS=@@CHARACTER_SET_RESULTS */;
/*!40101 SET @OLD_COLLATION_CONNECTION=@@COLLATION_CONNECTION */;
/*!40101 SET NAMES utf8 */;
/*!40103 SET @OLD_TIME_ZONE=@@TIME_ZONE */;
/*!40103 SET TIME_ZONE='+00:00' */;
/*!40014 SET @OLD_UNIQUE_CHECKS=@@UNIQUE_CHECKS, UNIQUE_CHECKS=0 */;
/*!40014 SET @OLD_FOREIGN_KEY_CHECKS=@@FOREIGN_KEY_CHECKS, FOREIGN_KEY_CHECKS=0 */;
/*!40101 SET @OLD_SQL_MODE=@@SQL_MODE, SQL_MODE='NO_AUTO_VALUE_ON_ZERO' */;
/*!40111 SET @OLD_SQL_NOTES=@@SQL_NOTES, SQL_NOTES=0 */;

--
-- Table structure for table `categoria`
--

DROP TABLE IF EXISTS `categoria`;
/*!40101 SET @saved_cs_client     = @@character_set_client */;
/*!40101 SET character_set_client = utf8 */;
CREATE TABLE `categoria` (
  `id` bigint(20) unsigned NOT NULL AUTO_INCREMENT,
  `nombre` varchar(255) COLLATE utf8mb4_unicode_ci NOT NULL,
  `created_at` timestamp NULL DEFAULT NULL,
  `updated_at` timestamp NULL DEFAULT NULL,
  PRIMARY KEY (`id`)
) ENGINE=InnoDB AUTO_INCREMENT=11 DEFAULT CHARSET=utf8mb4 COLLATE=utf8mb4_unicode_ci;
/*!40101 SET character_set_client = @saved_cs_client */;

--
-- Dumping data for table `categoria`
--

LOCK TABLES `categoria` WRITE;
/*!40000 ALTER TABLE `categoria` DISABLE KEYS */;
INSERT INTO `categoria` VALUES (1,'abarrotes',NULL,NULL),(2,'verduras',NULL,NULL),(3,'frutas',NULL,NULL),(4,'lácteos',NULL,NULL),(5,'bebidas',NULL,NULL),(6,'chuchería',NULL,NULL),(7,'pan',NULL,NULL),(8,'emburtidos',NULL,NULL),(9,'Aseo del Hogar',NULL,NULL),(10,'Aseo personal',NULL,NULL);
/*!40000 ALTER TABLE `categoria` ENABLE KEYS */;
UNLOCK TABLES;

--
-- Table structure for table `detalle_prod`
--

DROP TABLE IF EXISTS `detalle_prod`;
/*!40101 SET @saved_cs_client     = @@character_set_client */;
/*!40101 SET character_set_client = utf8 */;
CREATE TABLE `detalle_prod` (
  `id` bigint(20) unsigned NOT NULL AUTO_INCREMENT,
  `id_prod` bigint(20) unsigned NOT NULL,
  `descripcion` varchar(255) COLLATE utf8mb4_unicode_ci NOT NULL,
  `created_at` timestamp NULL DEFAULT NULL,
  `updated_at` timestamp NULL DEFAULT NULL,
  PRIMARY KEY (`id`)
) ENGINE=InnoDB DEFAULT CHARSET=utf8mb4 COLLATE=utf8mb4_unicode_ci;
/*!40101 SET character_set_client = @saved_cs_client */;

--
-- Dumping data for table `detalle_prod`
--

LOCK TABLES `detalle_prod` WRITE;
/*!40000 ALTER TABLE `detalle_prod` DISABLE KEYS */;
/*!40000 ALTER TABLE `detalle_prod` ENABLE KEYS */;
UNLOCK TABLES;

--
-- Table structure for table `migrations`
--

DROP TABLE IF EXISTS `migrations`;
/*!40101 SET @saved_cs_client     = @@character_set_client */;
/*!40101 SET character_set_client = utf8 */;
CREATE TABLE `migrations` (
  `id` int(10) unsigned NOT NULL AUTO_INCREMENT,
  `migration` varchar(255) COLLATE utf8mb4_unicode_ci NOT NULL,
  `batch` int(11) NOT NULL,
  PRIMARY KEY (`id`)
) ENGINE=InnoDB AUTO_INCREMENT=12 DEFAULT CHARSET=utf8mb4 COLLATE=utf8mb4_unicode_ci;
/*!40101 SET character_set_client = @saved_cs_client */;

--
-- Dumping data for table `migrations`
--

LOCK TABLES `migrations` WRITE;
/*!40000 ALTER TABLE `migrations` DISABLE KEYS */;
INSERT INTO `migrations` VALUES (1,'2022_05_04_130107_catergorias',1),(2,'2022_05_04_145807_unidad_medida',1),(3,'2022_05_04_145808_productos',1),(4,'2022_05_04_145809_precios',1),(5,'2022_05_04_150311_detalle_prod',1),(6,'2022_05_04_150332_stock',1),(7,'2022_05_04_150354_ventas',1),(8,'2022_05_04_150416_ventas_prod',1),(9,'2022_06_11_172238_create_precio_compras_table',1),(10,'2022_06_22_155606_create_proveedores_table',1),(11,'2022_06_22_160138_create_precios_provs_table',1);
/*!40000 ALTER TABLE `migrations` ENABLE KEYS */;
UNLOCK TABLES;

--
-- Table structure for table `precio_compra`
--

DROP TABLE IF EXISTS `precio_compra`;
/*!40101 SET @saved_cs_client     = @@character_set_client */;
/*!40101 SET character_set_client = utf8 */;
CREATE TABLE `precio_compra` (
  `id` bigint(20) unsigned NOT NULL AUTO_INCREMENT,
  `id_stock` bigint(20) unsigned NOT NULL,
  `precio` varchar(255) COLLATE utf8mb4_unicode_ci DEFAULT '0',
  `fecha` varchar(255) COLLATE utf8mb4_unicode_ci NOT NULL,
  PRIMARY KEY (`id`),
  KEY `precio_compra_id_stock_foreign` (`id_stock`),
  CONSTRAINT `precio_compra_id_stock_foreign` FOREIGN KEY (`id_stock`) REFERENCES `stock` (`id`) ON DELETE CASCADE
) ENGINE=InnoDB AUTO_INCREMENT=363 DEFAULT CHARSET=utf8mb4 COLLATE=utf8mb4_unicode_ci;
/*!40101 SET character_set_client = @saved_cs_client */;

--
-- Dumping data for table `precio_compra`
--

LOCK TABLES `precio_compra` WRITE;
/*!40000 ALTER TABLE `precio_compra` DISABLE KEYS */;
INSERT INTO `precio_compra` VALUES (1,1,'','11/06/2022'),(2,2,'','11/06/2022'),(3,3,'','11/06/2022'),(4,4,'','11/06/2022'),(5,5,'','11/06/2022'),(6,6,'','11/06/2022'),(7,7,'','11/06/2022'),(8,8,'','11/06/2022'),(9,9,'','11/06/2022'),(10,10,'','11/06/2022'),(11,11,'','11/06/2022'),(12,12,'','11/06/2022'),(13,13,'','11/06/2022'),(14,14,'','11/06/2022'),(15,15,'','11/06/2022'),(16,16,'','11/06/2022'),(17,17,'','11/06/2022'),(18,18,'','11/06/2022'),(19,19,'','11/06/2022'),(20,20,'','11/06/2022'),(21,21,'','11/06/2022'),(22,22,'','11/06/2022'),(23,23,'','11/06/2022'),(24,24,'','11/06/2022'),(25,25,'','11/06/2022'),(26,26,'','11/06/2022'),(27,27,'','11/06/2022'),(28,28,'','11/06/2022'),(29,29,'','11/06/2022'),(30,30,'','11/06/2022'),(31,31,'','11/06/2022'),(32,32,'','11/06/2022'),(33,33,'','11/06/2022'),(34,34,'','11/06/2022'),(35,35,'','11/06/2022'),(36,36,'','11/06/2022'),(37,37,'','11/06/2022'),(38,38,'','11/06/2022'),(39,39,'','11/06/2022'),(40,40,'','11/06/2022'),(41,41,'','11/06/2022'),(42,42,'','12/06/2022'),(43,43,'','12/06/2022'),(44,44,'','12/06/2022'),(45,45,'','12/06/2022'),(46,46,'','12/06/2022'),(47,47,'','12/06/2022'),(48,48,'','12/06/2022'),(49,49,'','12/06/2022'),(50,50,'','12/06/2022'),(51,51,'','12/06/2022'),(52,52,'','12/06/2022'),(53,53,'','12/06/2022'),(54,54,'','12/06/2022'),(55,55,'','12/06/2022'),(56,56,'','12/06/2022'),(57,57,'','12/06/2022'),(58,58,'','12/06/2022'),(59,59,'','12/06/2022'),(60,60,'','12/06/2022'),(61,61,'','12/06/2022'),(62,62,'','12/06/2022'),(63,63,'','12/06/2022'),(64,64,'','12/06/2022'),(65,65,'','12/06/2022'),(66,66,'','12/06/2022'),(67,67,'','12/06/2022'),(68,68,'','12/06/2022'),(69,69,'','12/06/2022'),(70,70,'','12/06/2022'),(71,71,'','12/06/2022'),(72,72,'','12/06/2022'),(73,73,'','12/06/2022'),(74,74,'','12/06/2022'),(75,75,'','12/06/2022'),(76,76,'','12/06/2022'),(77,77,'','12/06/2022'),(78,78,'','12/06/2022'),(79,79,'','12/06/2022'),(80,80,'','12/06/2022'),(81,81,'','12/06/2022'),(82,82,'','12/06/2022'),(83,83,'','12/06/2022'),(84,84,'','12/06/2022'),(85,85,'','12/06/2022'),(86,86,'','12/06/2022'),(87,87,'','12/06/2022'),(88,88,'','12/06/2022'),(89,89,'','12/06/2022'),(90,90,'','12/06/2022'),(91,91,'','12/06/2022'),(92,92,'','12/06/2022'),(93,93,'','12/06/2022'),(94,94,'','12/06/2022'),(95,95,'','12/06/2022'),(96,96,'','12/06/2022'),(97,97,'','12/06/2022'),(98,98,'','12/06/2022'),(99,99,'','12/06/2022'),(100,100,'','12/06/2022'),(101,101,'','12/06/2022'),(102,102,'','13/06/2022'),(103,103,'','13/06/2022'),(104,104,'','13/06/2022'),(105,105,'','13/06/2022'),(106,106,'','13/06/2022'),(107,107,'','13/06/2022'),(108,108,'790','24/06/2022'),(109,109,'800','24/06/2022'),(110,110,'950','24/06/2022'),(111,111,'400','24/06/2022'),(112,112,'790','24/06/2022'),(113,113,'865','24/06/2022'),(114,114,'1050','24/06/2022'),(115,115,'800','25/06/2022'),(116,116,'800','25/06/2022'),(117,117,'800','25/06/2022'),(118,118,'800','25/06/2022'),(119,119,'5890','25/06/2022'),(120,120,'5130','25/06/2022'),(121,121,'14000','26/06/2022'),(122,122,'3490','26/06/2022'),(123,123,'5130','26/06/2022'),(124,124,'3090','26/06/2022'),(125,125,'795','26/06/2022'),(126,126,'705','26/06/2022'),(127,127,'1900','26/06/2022'),(128,128,'1520','26/06/2022'),(129,129,'2000','26/06/2022'),(130,130,'605','26/06/2022'),(131,131,'605','26/06/2022'),(132,132,'605','26/06/2022'),(133,133,'175','26/06/2022'),(134,134,'175','26/06/2022'),(135,135,'1680','26/06/2022'),(136,136,'1365','26/06/2022'),(137,137,'1780','26/06/2022'),(138,138,'1890','26/06/2022'),(139,139,'2200','26/06/2022'),(140,140,'945','26/06/2022'),(141,141,'890','26/06/2022'),(142,142,'99999','26/06/2022'),(143,143,'990','26/06/2022'),(144,144,'0','26/06/2022'),(145,145,'0','26/06/2022'),(146,146,'1075','28/06/2022'),(147,147,'600','28/06/2022'),(148,148,'600','28/06/2022'),(149,149,'525','28/06/2022'),(150,150,'600','28/06/2022'),(151,151,'1115','28/06/2022'),(152,152,'2150','28/06/2022'),(153,153,'3550','28/06/2022'),(154,154,'500','28/06/2022'),(155,155,'770','28/06/2022'),(156,156,'730','28/06/2022'),(157,157,'730','28/06/2022'),(158,158,'2600','28/06/2022'),(159,159,'2280','28/06/2022'),(160,160,'1380','28/06/2022'),(161,161,'590','28/06/2022'),(162,162,'590','28/06/2022'),(163,163,'590','28/06/2022'),(164,164,'850','28/06/2022'),(165,165,'590','29/06/2022'),(166,166,'99999','29/06/2022'),(167,167,'99999','29/06/2022'),(168,168,'99999','29/06/2022'),(169,169,'0','29/06/2022'),(170,170,'0','29/06/2022'),(171,171,'0','29/06/2022'),(172,172,'0','29/06/2022'),(173,173,'0','29/06/2022'),(174,174,'0','29/06/2022'),(175,175,'0','29/06/2022'),(176,176,'0','29/06/2022'),(177,177,'0','29/06/2022'),(178,178,'0','29/06/2022'),(179,179,'0','29/06/2022'),(180,180,'0','29/06/2022'),(181,181,'0','29/06/2022'),(182,182,'0','29/06/2022'),(183,183,'0','29/06/2022'),(184,184,'0','29/06/2022'),(185,185,'0','29/06/2022'),(186,186,'0','29/06/2022'),(187,187,'0','29/06/2022'),(188,188,'0','29/06/2022'),(189,189,'0','29/06/2022'),(190,190,'0','29/06/2022'),(191,191,'0','29/06/2022'),(192,192,'0','29/06/2022'),(193,193,'0','29/06/2022'),(194,194,'0','29/06/2022'),(195,195,'0','29/06/2022'),(196,196,'0','29/06/2022'),(197,197,'0','29/06/2022'),(198,198,'0','29/06/2022'),(199,199,'0','29/06/2022'),(200,200,'0','29/06/2022'),(201,201,'0','29/06/2022'),(202,202,'0','30/06/2022'),(203,203,'0','30/06/2022'),(204,204,'0','30/06/2022'),(205,205,'0','30/06/2022'),(206,206,'0','30/06/2022'),(207,207,'0','30/06/2022'),(208,208,'0','30/06/2022'),(209,209,'0','30/06/2022'),(210,210,'0','30/06/2022'),(211,211,'0','30/06/2022'),(212,212,'0','30/06/2022'),(213,213,'0','30/06/2022'),(214,214,'0','30/06/2022'),(215,215,'0','30/06/2022'),(216,216,'0','30/06/2022'),(217,217,'485','30/06/2022'),(218,218,'1300','30/06/2022'),(219,219,'599','30/06/2022'),(220,220,'165','30/06/2022'),(221,221,'528','30/06/2022'),(222,222,'0','30/06/2022'),(223,223,'0','30/06/2022'),(224,224,'0','30/06/2022'),(225,225,'0','30/06/2022'),(226,226,'0','30/06/2022'),(227,227,'0','30/06/2022'),(228,228,'0','30/06/2022'),(229,229,'0','30/06/2022'),(230,230,'0','30/06/2022'),(231,231,'0','30/06/2022'),(232,232,'0','30/06/2022'),(233,233,'0','30/06/2022'),(234,234,'0','30/06/2022'),(235,235,'0','30/06/2022'),(236,236,'0','30/06/2022'),(237,237,'0','30/06/2022'),(238,238,'0','30/06/2022'),(239,239,'0','30/06/2022'),(240,240,'0','30/06/2022'),(241,241,'0','30/06/2022'),(242,242,'0','30/06/2022'),(243,243,'0','30/06/2022'),(244,244,'0','30/06/2022'),(245,245,'0','30/06/2022'),(246,246,'0','30/06/2022'),(247,247,'0','30/06/2022'),(248,248,'0','30/06/2022'),(249,249,'0','30/06/2022'),(250,250,'0','30/06/2022'),(251,251,'0','30/06/2022'),(252,252,'0','30/06/2022'),(253,253,'0','30/06/2022'),(254,254,'0','30/06/2022'),(255,255,'0','30/06/2022'),(256,256,'0','30/06/2022'),(257,257,'0','30/06/2022'),(258,258,'0','30/06/2022'),(259,259,'0','30/06/2022'),(260,260,'0','30/06/2022'),(261,261,'0','30/06/2022'),(262,262,'0','30/06/2022'),(263,263,'0','30/06/2022'),(264,264,'0','30/06/2022'),(265,265,'0','30/06/2022'),(266,266,'0','30/06/2022'),(267,267,'0','30/06/2022'),(268,268,'0','30/06/2022'),(269,269,'0','30/06/2022'),(270,270,'0','30/06/2022'),(271,271,'0','30/06/2022'),(272,272,'0','30/06/2022'),(273,273,'0','30/06/2022'),(274,274,'0','30/06/2022'),(275,275,'0','30/06/2022'),(276,276,'0','30/06/2022'),(277,277,'0','01/07/2022'),(278,278,'0','01/07/2022'),(279,279,'0','01/07/2022'),(280,280,'0','01/07/2022'),(281,281,'0','01/07/2022'),(282,282,'0','01/07/2022'),(283,283,'0','01/07/2022'),(284,284,'1190','01/07/2022'),(285,285,'0','04/07/2022'),(286,286,'0','04/07/2022'),(287,287,'0','04/07/2022'),(288,288,'0','04/07/2022'),(289,289,'0','04/07/2022'),(290,290,'0','04/07/2022'),(291,291,'0','04/07/2022'),(292,292,'0','04/07/2022'),(293,293,'0','04/07/2022'),(294,294,'0','04/07/2022'),(295,295,'0','04/07/2022'),(296,296,'0','04/07/2022'),(297,297,'0','04/07/2022'),(298,298,'0','04/07/2022'),(299,299,'0','04/07/2022'),(300,300,'0','04/07/2022'),(301,301,'0','04/07/2022'),(302,302,'0','04/07/2022'),(303,303,NULL,'04/07/2022'),(304,304,'0','04/07/2022'),(305,305,NULL,'04/07/2022'),(306,306,'0','04/07/2022'),(307,307,'0','04/07/2022'),(308,308,'0','04/07/2022'),(309,309,'0','04/07/2022'),(310,310,'0','04/07/2022'),(311,311,'0','04/07/2022'),(312,312,'0','04/07/2022'),(313,313,'0','04/07/2022'),(314,314,'0','04/07/2022'),(315,315,'0','04/07/2022'),(316,316,'0','04/07/2022'),(317,317,'0','04/07/2022'),(318,318,'0','04/07/2022'),(319,319,NULL,'04/07/2022'),(320,320,'0','04/07/2022'),(321,321,'0','04/07/2022'),(322,322,'0','04/07/2022'),(323,323,'0','04/07/2022'),(324,324,'0','04/07/2022'),(325,325,'0','04/07/2022'),(326,326,'0','04/07/2022'),(327,327,'0','04/07/2022'),(328,328,'0','04/07/2022'),(329,329,'0','04/07/2022'),(330,330,'0','04/07/2022'),(331,331,'0','04/07/2022'),(332,332,'0','04/07/2022'),(333,333,'0','04/07/2022'),(334,334,'760','04/07/2022'),(335,335,'0','04/07/2022'),(336,336,'0','04/07/2022'),(337,337,'0','04/07/2022'),(338,338,'0','04/07/2022'),(339,339,'0','04/07/2022'),(340,340,'0','04/07/2022'),(341,341,'0','04/07/2022'),(342,342,'790','05/07/2022'),(343,343,'0','05/07/2022'),(344,344,'150','05/07/2022'),(345,345,'66','05/07/2022'),(346,346,'483','05/07/2022'),(347,347,'483','05/07/2022'),(348,348,'75','05/07/2022'),(349,349,'75','05/07/2022'),(350,350,'50','05/07/2022'),(351,351,'300','05/07/2022'),(352,352,'150','05/07/2022'),(353,353,'80','05/07/2022'),(354,354,'80','05/07/2022'),(355,355,'800','06/07/2022'),(356,356,'0','06/07/2022'),(357,357,'0','08/07/2022'),(358,358,'0','08/07/2022'),(359,359,NULL,'08/07/2022'),(360,360,'2350','08/07/2022'),(361,361,NULL,'08/07/2022'),(362,362,'0','08/07/2022');
/*!40000 ALTER TABLE `precio_compra` ENABLE KEYS */;
UNLOCK TABLES;

--
-- Table structure for table `precios`
--

DROP TABLE IF EXISTS `precios`;
/*!40101 SET @saved_cs_client     = @@character_set_client */;
/*!40101 SET character_set_client = utf8 */;
CREATE TABLE `precios` (
  `id` bigint(20) unsigned NOT NULL AUTO_INCREMENT,
  `id_prod` bigint(20) unsigned NOT NULL,
  `precio` int(11) NOT NULL,
  `precio_promo` int(11) DEFAULT NULL,
  `fecha_inicio` varchar(255) COLLATE utf8mb4_unicode_ci NOT NULL,
  `fecha_fin` varchar(255) COLLATE utf8mb4_unicode_ci NOT NULL,
  `vigente` int(11) NOT NULL,
  PRIMARY KEY (`id`),
  UNIQUE KEY `precios_id_prod_unique` (`id_prod`),
  CONSTRAINT `precios_id_prod_foreign` FOREIGN KEY (`id_prod`) REFERENCES `productos` (`id`)
) ENGINE=InnoDB AUTO_INCREMENT=363 DEFAULT CHARSET=utf8mb4 COLLATE=utf8mb4_unicode_ci;
/*!40101 SET character_set_client = @saved_cs_client */;

--
-- Dumping data for table `precios`
--

LOCK TABLES `precios` WRITE;
/*!40000 ALTER TABLE `precios` DISABLE KEYS */;
INSERT INTO `precios` VALUES (1,1,1850,0,'28/06/2022','28/06/2022',1),(2,2,3400,0,'08/07/2022','08/07/2022',1),(3,3,1900,0,'11/06/2022','11/06/2022',1),(4,4,1490,0,'09/07/2022','09/07/2022',1),(5,5,1200,0,'06/07/2022','06/07/2022',1),(6,6,1050,0,'24/06/2022','24/06/2022',1),(7,7,1050,0,'24/06/2022','24/06/2022',1),(8,8,1500,0,'11/06/2022','11/06/2022',1),(9,9,3000,0,'11/06/2022','11/06/2022',1),(10,10,1000,0,'11/06/2022','11/06/2022',1),(11,11,1500,0,'11/06/2022','11/06/2022',1),(12,12,1500,0,'11/06/2022','11/06/2022',1),(13,13,4600,0,'28/06/2022','28/06/2022',1),(14,14,1200,0,'06/07/2022','06/07/2022',1),(15,15,850,0,'11/06/2022','11/06/2022',1),(16,16,3000,0,'03/07/2022','03/07/2022',1),(17,17,1200,0,'11/06/2022','11/06/2022',1),(18,18,1700,0,'11/06/2022','11/06/2022',1),(19,19,800,0,'11/06/2022','11/06/2022',1),(20,20,800,0,'11/06/2022','11/06/2022',1),(21,21,1600,0,'06/07/2022','06/07/2022',1),(22,22,1600,0,'11/06/2022','11/06/2022',1),(23,23,1600,0,'11/06/2022','11/06/2022',1),(24,24,1600,0,'11/06/2022','11/06/2022',1),(25,25,1500,0,'11/06/2022','11/06/2022',1),(26,26,1500,0,'11/06/2022','11/06/2022',1),(27,27,1150,0,'24/06/2022','24/06/2022',1),(28,28,1200,0,'11/06/2022','11/06/2022',1),(29,29,800,0,'08/07/2022','08/07/2022',1),(30,30,900,0,'11/06/2022','11/06/2022',1),(31,31,2000,0,'05/07/2022','05/07/2022',1),(32,32,1000,0,'04/07/2022','04/07/2022',1),(33,33,2000,0,'11/06/2022','11/06/2022',1),(34,34,1600,0,'11/06/2022','11/06/2022',1),(35,35,1600,0,'11/06/2022','11/06/2022',1),(36,36,1700,0,'11/06/2022','11/06/2022',1),(37,37,1800,0,'05/07/2022','05/07/2022',1),(38,38,600,0,'06/07/2022','06/07/2022',1),(39,39,600,0,'06/07/2022','06/07/2022',1),(40,40,1500,0,'11/06/2022','11/06/2022',1),(41,41,1100,0,'04/07/2022','04/07/2022',1),(42,42,1500,0,'12/06/2022','12/06/2022',1),(43,43,1500,0,'12/06/2022','12/06/2022',1),(44,44,1000,0,'12/06/2022','12/06/2022',1),(45,45,1300,0,'12/06/2022','12/06/2022',1),(46,46,1300,0,'12/06/2022','12/06/2022',1),(47,47,1500,0,'12/06/2022','12/06/2022',1),(48,48,1500,0,'12/06/2022','12/06/2022',1),(49,49,78042,0,'12/06/2022','12/06/2022',1),(50,50,1500,0,'12/06/2022','12/06/2022',1),(51,51,2800,0,'12/06/2022','12/06/2022',1),(52,52,1500,0,'06/07/2022','06/07/2022',1),(53,53,1600,0,'12/06/2022','12/06/2022',1),(54,54,1850,0,'04/07/2022','04/07/2022',1),(55,55,1850,0,'04/07/2022','04/07/2022',1),(56,56,1790,0,'12/06/2022','12/06/2022',1),(57,57,2500,0,'12/06/2022','12/06/2022',1),(58,58,2500,0,'12/06/2022','12/06/2022',1),(59,59,1000,0,'12/06/2022','12/06/2022',1),(60,60,1000,0,'12/06/2022','12/06/2022',1),(61,61,1000,0,'12/06/2022','12/06/2022',1),(62,62,1000,0,'12/06/2022','12/06/2022',1),(63,63,1300,0,'04/07/2022','04/07/2022',1),(64,64,250,0,'12/06/2022','12/06/2022',1),(65,65,250,0,'12/06/2022','12/06/2022',1),(66,66,250,0,'12/06/2022','12/06/2022',1),(67,67,250,0,'12/06/2022','12/06/2022',1),(68,68,250,0,'12/06/2022','12/06/2022',1),(69,69,250,0,'12/06/2022','12/06/2022',1),(70,70,250,0,'12/06/2022','12/06/2022',1),(71,71,250,0,'12/06/2022','12/06/2022',1),(72,72,300,0,'12/06/2022','12/06/2022',1),(73,73,300,0,'12/06/2022','12/06/2022',1),(74,74,300,0,'12/06/2022','12/06/2022',1),(75,75,300,0,'12/06/2022','12/06/2022',1),(76,76,300,0,'12/06/2022','12/06/2022',1),(77,77,5100,0,'05/07/2022','05/07/2022',1),(78,78,1200,0,'04/07/2022','04/07/2022',1),(79,79,900,0,'12/06/2022','12/06/2022',1),(80,80,4100,0,'12/06/2022','12/06/2022',1),(81,81,4000,0,'06/07/2022','06/07/2022',1),(82,82,0,0,'12/06/2022','12/06/2022',1),(83,83,700,0,'12/06/2022','12/06/2022',1),(84,84,2000,0,'04/07/2022','04/07/2022',1),(85,85,600,0,'04/07/2022','04/07/2022',1),(86,86,1400,0,'12/06/2022','12/06/2022',1),(87,87,400,333,'24/06/2022','24/06/2022',1),(88,88,1950,0,'06/07/2022','06/07/2022',1),(89,89,1100,0,'12/06/2022','12/06/2022',1),(90,90,1000,0,'04/07/2022','04/07/2022',1),(91,91,1000,0,'04/07/2022','04/07/2022',1),(92,92,1000,0,'03/07/2022','03/07/2022',1),(93,93,1000,0,'06/07/2022','06/07/2022',1),(94,94,1000,0,'03/07/2022','03/07/2022',1),(95,95,0,0,'12/06/2022','12/06/2022',1),(96,96,1000,0,'04/07/2022','04/07/2022',1),(97,97,900,0,'04/07/2022','04/07/2022',1),(98,98,1700,0,'12/06/2022','12/06/2022',1),(99,99,1350,0,'12/06/2022','12/06/2022',1),(100,100,2190,0,'12/06/2022','12/06/2022',1),(101,101,600,0,'13/06/2022','13/06/2022',1),(102,102,600,0,'13/06/2022','13/06/2022',1),(103,103,600,0,'13/06/2022','13/06/2022',1),(104,104,600,0,'13/06/2022','13/06/2022',1),(105,105,1600,0,'06/07/2022','06/07/2022',1),(106,106,200,0,'13/06/2022','13/06/2022',1),(107,107,2000,0,'30/06/2022','30/06/2022',1),(108,108,1200,NULL,'24/06/2022','24/06/2022',1),(109,109,1050,NULL,'06/07/2022','06/07/2022',1),(110,110,1350,NULL,'24/06/2022','24/06/2022',1),(111,111,400,333,'24/06/2022','24/06/2022',1),(112,112,1090,NULL,'24/06/2022','24/06/2022',1),(113,113,1000,NULL,'24/06/2022','24/06/2022',1),(114,114,1690,NULL,'24/06/2022','24/06/2022',1),(115,115,1050,NULL,'25/06/2022','25/06/2022',1),(116,116,1050,NULL,'25/06/2022','25/06/2022',1),(117,117,1050,NULL,'25/06/2022','25/06/2022',1),(118,118,1050,NULL,'25/06/2022','25/06/2022',1),(119,119,8300,NULL,'25/06/2022','25/06/2022',1),(120,120,10500,NULL,'25/06/2022','25/06/2022',1),(121,121,11400,NULL,'26/06/2022','26/06/2022',1),(122,122,4700,NULL,'26/06/2022','26/06/2022',1),(123,123,10500,NULL,'02/07/2022','02/07/2022',1),(124,124,4650,NULL,'26/06/2022','26/06/2022',1),(125,125,1190,NULL,'26/06/2022','26/06/2022',1),(126,126,1060,NULL,'26/06/2022','26/06/2022',1),(127,127,3050,NULL,'26/06/2022','26/06/2022',1),(128,128,950,NULL,'26/06/2022','26/06/2022',1),(129,129,2500,NULL,'26/06/2022','26/06/2022',1),(130,130,850,NULL,'26/06/2022','26/06/2022',1),(131,131,850,NULL,'26/06/2022','26/06/2022',1),(132,132,850,NULL,'26/06/2022','26/06/2022',1),(133,133,400,333,'26/06/2022','26/06/2022',1),(134,134,400,1000,'26/06/2022','26/06/2022',1),(135,135,2500,NULL,'26/06/2022','26/06/2022',1),(136,136,1990,NULL,'26/06/2022','26/06/2022',1),(137,137,2680,NULL,'26/06/2022','26/06/2022',1),(138,138,2850,NULL,'26/06/2022','26/06/2022',1),(139,139,3300,NULL,'26/06/2022','26/06/2022',1),(140,140,1400,NULL,'26/06/2022','26/06/2022',1),(141,141,1350,NULL,'26/06/2022','26/06/2022',1),(142,142,2750,NULL,'26/06/2022','26/06/2022',1),(143,143,1490,1333,'26/06/2022','26/06/2022',1),(144,144,4800,NULL,'26/06/2022','26/06/2022',1),(145,145,1500,NULL,'26/06/2022','26/06/2022',1),(146,146,1500,NULL,'28/06/2022','28/06/2022',1),(147,147,1200,NULL,'28/06/2022','28/06/2022',1),(148,148,1200,NULL,'28/06/2022','28/06/2022',1),(149,149,1000,NULL,'28/06/2022','28/06/2022',1),(150,150,1200,NULL,'28/06/2022','28/06/2022',1),(151,151,1500,NULL,'28/06/2022','28/06/2022',1),(152,152,3200,NULL,'03/07/2022','03/07/2022',1),(153,153,4800,NULL,'04/07/2022','04/07/2022',1),(154,154,1000,NULL,'28/06/2022','28/06/2022',1),(155,155,1100,NULL,'04/07/2022','04/07/2022',1),(156,156,1100,NULL,'04/07/2022','04/07/2022',1),(157,157,1100,NULL,'04/07/2022','04/07/2022',1),(158,158,3900,NULL,'28/06/2022','28/06/2022',1),(159,159,3500,NULL,'28/06/2022','28/06/2022',1),(160,160,2000,NULL,'28/06/2022','28/06/2022',1),(161,161,1000,NULL,'28/06/2022','28/06/2022',1),(162,162,1000,NULL,'28/06/2022','28/06/2022',1),(163,163,1000,NULL,'28/06/2022','28/06/2022',1),(164,164,1300,NULL,'28/06/2022','28/06/2022',1),(165,165,1100,NULL,'29/06/2022','29/06/2022',1),(166,166,1200,NULL,'03/07/2022','03/07/2022',1),(167,167,1000,NULL,'29/06/2022','29/06/2022',1),(168,168,1200,NULL,'29/06/2022','29/06/2022',1),(169,169,1200,NULL,'29/06/2022','29/06/2022',1),(170,170,2000,NULL,'29/06/2022','29/06/2022',1),(171,171,2200,NULL,'29/06/2022','29/06/2022',1),(172,172,1900,NULL,'29/06/2022','29/06/2022',1),(173,173,3100,NULL,'04/07/2022','04/07/2022',1),(174,174,600,NULL,'06/07/2022','06/07/2022',1),(175,175,600,NULL,'06/07/2022','06/07/2022',1),(176,176,1200,NULL,'29/06/2022','29/06/2022',1),(177,177,1500,NULL,'29/06/2022','29/06/2022',1),(178,178,1600,NULL,'03/07/2022','03/07/2022',1),(179,179,1600,NULL,'03/07/2022','03/07/2022',1),(180,180,1600,NULL,'03/07/2022','03/07/2022',1),(181,181,1600,NULL,'03/07/2022','03/07/2022',1),(182,182,1600,NULL,'03/07/2022','03/07/2022',1),(183,183,1600,NULL,'03/07/2022','03/07/2022',1),(184,184,2000,NULL,'29/06/2022','29/06/2022',1),(185,185,2000,NULL,'29/06/2022','29/06/2022',1),(186,186,2000,NULL,'29/06/2022','29/06/2022',1),(187,187,2000,NULL,'29/06/2022','29/06/2022',1),(188,188,1100,NULL,'29/06/2022','29/06/2022',1),(189,189,1100,NULL,'29/06/2022','29/06/2022',1),(190,190,1100,NULL,'29/06/2022','29/06/2022',1),(191,191,1100,NULL,'29/06/2022','29/06/2022',1),(192,192,1100,NULL,'29/06/2022','29/06/2022',1),(193,193,1200,NULL,'29/06/2022','29/06/2022',1),(194,194,1200,NULL,'29/06/2022','29/06/2022',1),(195,195,1200,NULL,'29/06/2022','29/06/2022',1),(196,196,1200,NULL,'29/06/2022','29/06/2022',1),(197,197,1300,NULL,'29/06/2022','29/06/2022',1),(198,198,1500,NULL,'29/06/2022','29/06/2022',1),(199,199,1500,NULL,'29/06/2022','29/06/2022',1),(200,200,1500,NULL,'29/06/2022','29/06/2022',1),(201,201,1000,NULL,'29/06/2022','29/06/2022',1),(202,202,1000,NULL,'29/06/2022','29/06/2022',1),(203,203,1600,NULL,'30/06/2022','30/06/2022',1),(204,204,1690,NULL,'30/06/2022','30/06/2022',1),(205,205,1800,NULL,'30/06/2022','30/06/2022',1),(206,206,1600,NULL,'30/06/2022','30/06/2022',1),(207,207,1600,NULL,'30/06/2022','30/06/2022',1),(208,208,1600,NULL,'30/06/2022','30/06/2022',1),(209,209,2900,NULL,'30/06/2022','30/06/2022',1),(210,210,2800,NULL,'30/06/2022','30/06/2022',1),(211,211,2800,NULL,'30/06/2022','30/06/2022',1),(212,212,2800,NULL,'30/06/2022','30/06/2022',1),(213,213,2500,NULL,'30/06/2022','30/06/2022',1),(214,214,2200,NULL,'30/06/2022','30/06/2022',1),(215,215,2900,NULL,'30/06/2022','30/06/2022',1),(216,216,1500,1250,'30/06/2022','30/06/2022',1),(217,217,1800,NULL,'30/06/2022','30/06/2022',1),(218,218,700,NULL,'30/06/2022','30/06/2022',1),(219,219,2000,NULL,'30/06/2022','30/06/2022',1),(220,220,850,NULL,'30/06/2022','30/06/2022',1),(221,221,350,250,'30/06/2022','30/06/2022',1),(222,222,850,800,'30/06/2022','30/06/2022',1),(223,223,3990,NULL,'04/07/2022','04/07/2022',1),(224,224,1800,NULL,'30/06/2022','30/06/2022',1),(225,225,1800,NULL,'30/06/2022','30/06/2022',1),(226,226,1500,NULL,'30/06/2022','30/06/2022',1),(227,227,300,NULL,'30/06/2022','30/06/2022',1),(228,228,1400,NULL,'30/06/2022','30/06/2022',1),(229,229,1500,NULL,'30/06/2022','30/06/2022',1),(230,230,600,500,'30/06/2022','30/06/2022',1),(231,231,1500,NULL,'30/06/2022','30/06/2022',1),(232,232,2000,NULL,'30/06/2022','30/06/2022',1),(233,233,2300,NULL,'30/06/2022','30/06/2022',1),(234,234,2000,NULL,'30/06/2022','30/06/2022',1),(235,235,1500,NULL,'30/06/2022','30/06/2022',1),(236,236,1500,NULL,'30/06/2022','30/06/2022',1),(237,237,1300,NULL,'06/07/2022','06/07/2022',1),(238,238,2790,NULL,'30/06/2022','30/06/2022',1),(239,239,2790,NULL,'30/06/2022','30/06/2022',1),(240,240,1800,NULL,'30/06/2022','30/06/2022',1),(241,241,1500,NULL,'30/06/2022','30/06/2022',1),(242,242,1500,NULL,'30/06/2022','30/06/2022',1),(243,243,1000,NULL,'03/07/2022','03/07/2022',1),(244,244,1000,NULL,'03/07/2022','03/07/2022',1),(245,245,1000,NULL,'03/07/2022','03/07/2022',1),(246,246,1400,NULL,'30/06/2022','30/06/2022',1),(247,247,200,150,'30/06/2022','30/06/2022',1),(248,248,400,NULL,'30/06/2022','30/06/2022',1),(249,249,400,NULL,'30/06/2022','30/06/2022',1),(250,250,150,NULL,'30/06/2022','30/06/2022',1),(251,251,300,NULL,'30/06/2022','30/06/2022',1),(252,252,300,NULL,'30/06/2022','30/06/2022',1),(253,253,2000,NULL,'30/06/2022','30/06/2022',1),(254,254,2000,NULL,'03/07/2022','03/07/2022',1),(255,255,1000,NULL,'30/06/2022','30/06/2022',1),(256,256,1000,NULL,'30/06/2022','30/06/2022',1),(257,257,250,200,'30/06/2022','30/06/2022',1),(258,258,100,NULL,'30/06/2022','30/06/2022',1),(259,259,300,250,'30/06/2022','30/06/2022',1),(260,260,600,NULL,'30/06/2022','30/06/2022',1),(261,261,1000,NULL,'30/06/2022','30/06/2022',1),(262,262,300,NULL,'30/06/2022','30/06/2022',1),(263,263,1500,NULL,'30/06/2022','30/06/2022',1),(264,264,2500,NULL,'30/06/2022','30/06/2022',1),(265,265,2500,NULL,'30/06/2022','30/06/2022',1),(266,266,3000,NULL,'30/06/2022','30/06/2022',1),(267,267,1500,NULL,'30/06/2022','30/06/2022',1),(268,268,1200,NULL,'30/06/2022','30/06/2022',1),(269,269,1200,NULL,'30/06/2022','30/06/2022',1),(270,270,1200,NULL,'30/06/2022','30/06/2022',1),(271,271,400,NULL,'03/07/2022','03/07/2022',1),(272,272,400,NULL,'03/07/2022','03/07/2022',1),(273,273,400,NULL,'03/07/2022','03/07/2022',1),(274,274,3600,NULL,'30/06/2022','30/06/2022',1),(275,275,3600,NULL,'30/06/2022','30/06/2022',1),(276,276,2800,NULL,'30/06/2022','30/06/2022',1),(277,277,1100,NULL,'06/07/2022','06/07/2022',1),(278,278,1200,NULL,'01/07/2022','01/07/2022',1),(279,279,400,NULL,'05/07/2022','05/07/2022',1),(280,280,1000,NULL,'04/07/2022','04/07/2022',1),(281,281,500,NULL,'01/07/2022','01/07/2022',1),(282,282,600,NULL,'05/07/2022','05/07/2022',1),(283,283,600,NULL,'05/07/2022','05/07/2022',1),(284,284,1700,NULL,'01/07/2022','01/07/2022',1),(285,285,500,NULL,'04/07/2022','04/07/2022',1),(286,286,500,NULL,'04/07/2022','04/07/2022',1),(287,287,600,NULL,'04/07/2022','04/07/2022',1),(288,288,500,NULL,'04/07/2022','04/07/2022',1),(289,289,1000,NULL,'04/07/2022','04/07/2022',1),(290,290,1150,NULL,'04/07/2022','04/07/2022',1),(291,291,400,NULL,'04/07/2022','04/07/2022',1),(292,292,400,NULL,'04/07/2022','04/07/2022',1),(293,293,1200,NULL,'04/07/2022','04/07/2022',1),(294,294,1400,NULL,'04/07/2022','04/07/2022',1),(295,295,3000,NULL,'04/07/2022','04/07/2022',1),(296,296,800,NULL,'04/07/2022','04/07/2022',1),(297,297,1000,NULL,'04/07/2022','04/07/2022',1),(298,298,1200,NULL,'04/07/2022','04/07/2022',1),(299,299,600,500,'04/07/2022','04/07/2022',1),(300,300,600,500,'04/07/2022','04/07/2022',1),(301,301,600,500,'04/07/2022','04/07/2022',1),(302,302,800,NULL,'04/07/2022','04/07/2022',1),(303,303,800,NULL,'04/07/2022','04/07/2022',1),(304,304,1000,NULL,'04/07/2022','04/07/2022',1),(305,305,150,125,'04/07/2022','04/07/2022',1),(306,306,3300,NULL,'04/07/2022','04/07/2022',1),(307,307,3300,NULL,'04/07/2022','04/07/2022',1),(308,308,2500,NULL,'04/07/2022','04/07/2022',1),(309,309,800,NULL,'04/07/2022','04/07/2022',1),(310,310,800,NULL,'04/07/2022','04/07/2022',1),(311,311,800,NULL,'04/07/2022','04/07/2022',1),(312,312,1500,NULL,'04/07/2022','04/07/2022',1),(313,313,1000,NULL,'04/07/2022','04/07/2022',1),(314,314,1000,NULL,'04/07/2022','04/07/2022',1),(315,315,1500,NULL,'04/07/2022','04/07/2022',1),(316,316,2100,NULL,'04/07/2022','04/07/2022',1),(317,317,2100,NULL,'04/07/2022','04/07/2022',1),(318,318,1500,NULL,'04/07/2022','04/07/2022',1),(319,319,1190,NULL,'04/07/2022','04/07/2022',1),(320,320,500,NULL,'04/07/2022','04/07/2022',1),(321,321,500,NULL,'04/07/2022','04/07/2022',1),(322,322,500,NULL,'04/07/2022','04/07/2022',1),(323,323,500,NULL,'04/07/2022','04/07/2022',1),(324,324,500,NULL,'04/07/2022','04/07/2022',1),(325,325,1000,NULL,'04/07/2022','04/07/2022',1),(326,326,2700,NULL,'04/07/2022','04/07/2022',1),(327,327,2700,NULL,'04/07/2022','04/07/2022',1),(328,328,400,333,'04/07/2022','04/07/2022',1),(329,329,400,333,'04/07/2022','04/07/2022',1),(330,330,500,NULL,'04/07/2022','04/07/2022',1),(331,331,500,NULL,'04/07/2022','04/07/2022',1),(332,332,500,NULL,'04/07/2022','04/07/2022',1),(333,333,600,NULL,'04/07/2022','04/07/2022',1),(334,334,1000,NULL,'04/07/2022','04/07/2022',1),(335,335,800,NULL,'04/07/2022','04/07/2022',1),(336,336,500,NULL,'04/07/2022','04/07/2022',1),(337,337,900,NULL,'04/07/2022','04/07/2022',1),(338,338,900,NULL,'04/07/2022','04/07/2022',1),(339,339,900,NULL,'04/07/2022','04/07/2022',1),(340,340,900,NULL,'04/07/2022','04/07/2022',1),(341,341,1600,NULL,'04/07/2022','04/07/2022',1),(342,342,1300,NULL,'05/07/2022','05/07/2022',1),(343,343,1000,NULL,'05/07/2022','05/07/2022',1),(344,344,400,333,'05/07/2022','05/07/2022',1),(345,345,200,150,'05/07/2022','05/07/2022',1),(346,346,1000,NULL,'05/07/2022','05/07/2022',1),(347,347,1000,NULL,'05/07/2022','05/07/2022',1),(348,348,150,100,'05/07/2022','05/07/2022',1),(349,349,150,100,'05/07/2022','05/07/2022',1),(350,350,100,NULL,'05/07/2022','05/07/2022',1),(351,351,1000,NULL,'05/07/2022','05/07/2022',1),(352,352,300,250,'05/07/2022','05/07/2022',1),(353,353,200,NULL,'05/07/2022','05/07/2022',1),(354,354,200,NULL,'05/07/2022','05/07/2022',1),(355,355,1050,NULL,'06/07/2022','06/07/2022',1),(356,356,400,333,'06/07/2022','06/07/2022',1),(357,357,1200,NULL,'08/07/2022','08/07/2022',1),(358,358,1200,NULL,'08/07/2022','08/07/2022',1),(359,359,1200,NULL,'08/07/2022','08/07/2022',1),(360,360,3500,NULL,'08/07/2022','08/07/2022',1),(361,361,2300,NULL,'09/07/2022','09/07/2022',1),(362,362,2300,NULL,'08/07/2022','08/07/2022',1);
/*!40000 ALTER TABLE `precios` ENABLE KEYS */;
UNLOCK TABLES;

--
-- Table structure for table `precios_provs`
--

DROP TABLE IF EXISTS `precios_provs`;
/*!40101 SET @saved_cs_client     = @@character_set_client */;
/*!40101 SET character_set_client = utf8 */;
CREATE TABLE `precios_provs` (
  `id` bigint(20) unsigned NOT NULL AUTO_INCREMENT,
  `id_prod` bigint(20) unsigned NOT NULL,
  `id_prov` bigint(20) unsigned NOT NULL,
  `precio` int(11) NOT NULL,
  PRIMARY KEY (`id`),
  KEY `precios_provs_id_prod_foreign` (`id_prod`),
  KEY `precios_provs_id_prov_foreign` (`id_prov`),
  CONSTRAINT `precios_provs_id_prod_foreign` FOREIGN KEY (`id_prod`) REFERENCES `productos` (`id`),
  CONSTRAINT `precios_provs_id_prov_foreign` FOREIGN KEY (`id_prov`) REFERENCES `proveedores` (`id`)
) ENGINE=InnoDB DEFAULT CHARSET=utf8mb4 COLLATE=utf8mb4_unicode_ci;
/*!40101 SET character_set_client = @saved_cs_client */;

--
-- Dumping data for table `precios_provs`
--

LOCK TABLES `precios_provs` WRITE;
/*!40000 ALTER TABLE `precios_provs` DISABLE KEYS */;
/*!40000 ALTER TABLE `precios_provs` ENABLE KEYS */;
UNLOCK TABLES;

--
-- Table structure for table `productos`
--

DROP TABLE IF EXISTS `productos`;
/*!40101 SET @saved_cs_client     = @@character_set_client */;
/*!40101 SET character_set_client = utf8 */;
CREATE TABLE `productos` (
  `id` bigint(20) unsigned NOT NULL AUTO_INCREMENT,
  `codigo` varchar(255) COLLATE utf8mb4_unicode_ci NOT NULL,
  `nombre` varchar(255) COLLATE utf8mb4_unicode_ci NOT NULL,
  `categoria` bigint(20) unsigned NOT NULL,
  `unidad_medida` bigint(20) unsigned NOT NULL,
  `imagen` varchar(255) COLLATE utf8mb4_unicode_ci DEFAULT NULL,
  `promo` varchar(255) COLLATE utf8mb4_unicode_ci DEFAULT NULL,
  `created_at` timestamp NULL DEFAULT NULL,
  `updated_at` timestamp NULL DEFAULT NULL,
  PRIMARY KEY (`id`),
  KEY `productos_categoria_foreign` (`categoria`),
  KEY `productos_unidad_medida_foreign` (`unidad_medida`),
  CONSTRAINT `productos_categoria_foreign` FOREIGN KEY (`categoria`) REFERENCES `categoria` (`id`),
  CONSTRAINT `productos_unidad_medida_foreign` FOREIGN KEY (`unidad_medida`) REFERENCES `unidad_medida` (`id`)
) ENGINE=InnoDB AUTO_INCREMENT=363 DEFAULT CHARSET=utf8mb4 COLLATE=utf8mb4_unicode_ci;
/*!40101 SET character_set_client = @saved_cs_client */;

--
-- Dumping data for table `productos`
--

LOCK TABLES `productos` WRITE;
/*!40000 ALTER TABLE `productos` DISABLE KEYS */;
INSERT INTO `productos` VALUES (1,'7596470000013','salsa de soya la china 150 ml',1,1,NULL,'',NULL,NULL),(2,'021000026968','mayonesa kraft real mayo 394g',1,1,NULL,'',NULL,NULL),(3,'739907000010','harina pan 1kg',1,1,NULL,'',NULL,NULL),(4,'7801420220138','arroz tucapel 2 grado 1kg',1,1,NULL,'',NULL,NULL),(5,'7804658860008','arroz el marquez 2grado 1kg',1,1,NULL,'',NULL,NULL),(6,'7802575002235','pasta corta espirales carozzi 400g',1,1,NULL,'',NULL,NULL),(7,'7802575006035','pasta corta corbatas  carozzi 400g',1,1,NULL,'',NULL,NULL),(8,'7802615005516','harina de trigo con polvo de hornear mont blanc',1,1,NULL,'',NULL,NULL),(9,'7702032252428','cafe sello rojo 250g',1,1,NULL,'',NULL,NULL),(10,'7802615005615','harina de trigo sin polvo de hornear mont blanc 1k',1,1,NULL,'',NULL,NULL),(11,'7806500505006','confort 4 rollos 30 mtrs',1,1,NULL,'',NULL,NULL),(12,'7806500406709','nova clasica 3 rollos de12m',1,1,NULL,'',NULL,NULL),(13,'7590006200137','mantequilla mavesa 500g',1,1,NULL,'',NULL,NULL),(14,'7802351314606','mostaza don juan 240g',1,1,NULL,'',NULL,NULL),(15,'7802337101015','vinagre vino blanco traverso 250ml',1,1,NULL,'',NULL,NULL),(16,'7803905000471','aceite vegetal campo lindo 900ml',1,1,NULL,'',NULL,NULL),(17,'7802351524708','vinagre vino blanco don juan 500ml',1,1,NULL,'',NULL,NULL),(18,'7802000014949','avena integral quaker instantanea 450g',1,1,NULL,'',NULL,NULL),(19,'7802950006612','sopa maggi sabor pollo fideos 70g',1,1,NULL,'',NULL,NULL),(20,'7613030612247','sopa maggi sabor a costilla fideos 60g',1,1,NULL,'',NULL,NULL),(21,'7506475103565','leche evaporada ideal nestle 340ml',1,1,NULL,'',NULL,NULL),(22,'7702367003917','atun en agua van camps lomitos 160g',1,1,NULL,'',NULL,NULL),(23,'7802408006287','atun de aceite serrano 170g',1,1,NULL,'',NULL,NULL),(24,'7613030049883','leche condensada nestle 397g',1,1,NULL,'',NULL,NULL),(25,'7801305005157','porotos rojos wasil cajita 380g',1,1,NULL,'',NULL,NULL),(26,'7801305004099','porotos negros wasil 380g',1,1,NULL,'',NULL,NULL),(27,'7790199082095','azucar  don julian1kg',1,1,NULL,'',NULL,NULL),(28,'7804608220111','azucar coliseo 1kl',1,1,NULL,'',NULL,NULL),(29,'7803600000318','sal doña eulalia 1kg',1,1,NULL,'',NULL,NULL),(30,'7802408006065','sal serrano 1kl',1,1,NULL,'',NULL,NULL),(31,'7802575015174','lasaña precocida carozzi 360gr',1,1,NULL,'',NULL,NULL),(32,'7801305003658','arvejas wasil cajita 340g',1,1,NULL,'',NULL,NULL),(33,'7801235131117','san jose jurel al natural 300gr',1,1,NULL,'',NULL,NULL),(34,'7802420510113','palmitos enteros esmeralda 400gr',1,1,NULL,'',NULL,NULL),(35,'7801315148882','championes enteros esmeralda 400gr',1,1,NULL,'',NULL,NULL),(36,'7801305003191','championes laminados wasil 400gr',1,1,NULL,'',NULL,NULL),(37,'7801305001883','palmitos en rodajas wasil 400gr',1,1,NULL,'',NULL,NULL),(38,'7802351624002','mayonesa don juan 100gr sobre',1,1,NULL,'',NULL,NULL),(39,'7802351611002','salsa de tomate ketchup don juan 100g',1,1,NULL,'',NULL,NULL),(40,'735051016372','salsa de tomate ketchup HEINZ 397g',1,1,NULL,'',NULL,NULL),(41,'608875008994','salsa de tomate ketchup 190gr',1,1,NULL,'',NULL,NULL),(42,'7591902001927','fritz salsa sabor a tocineta ahumadita 240gr',1,1,NULL,'',NULL,NULL),(43,'7802337930233','aji pebre traverso 230gr',1,1,NULL,'',NULL,NULL),(44,'7802351000059','aji chileno crema don juan 250gr',1,1,NULL,'',NULL,NULL),(45,'7802337930219','aji chileno traverso 240gr',1,1,NULL,'',NULL,NULL),(46,'7802900001308','leche soprole  natural entera 1ltr',1,1,NULL,'',NULL,NULL),(47,'7802920000084','leche colum descremada 1ltr',1,1,NULL,'',NULL,NULL),(48,'7802635000652','cola cao instantaneo sabor chocolate 180gr',1,1,NULL,'',NULL,NULL),(49,'7802635000478','cola cao instantaneo',1,1,NULL,'',NULL,NULL),(50,'7802420119286','marco polo cacao dulce 200gr',1,1,NULL,'',NULL,NULL),(51,'7802420119309','marco polo cacao amargo 150gr',1,1,NULL,'',NULL,NULL),(52,'7804643510741','chocolate instantaneo doña lupe 400g',1,1,NULL,'',NULL,NULL),(53,'7802410416302','salsa de soya gourmet tradiciona 165cc',1,1,NULL,'',NULL,NULL),(54,'7596470000044','salsa inglesa la china150 ml',1,1,NULL,'',NULL,NULL),(55,'7596470000105','salsa de ajo la china',1,1,NULL,'',NULL,NULL),(56,'7804611550656','durazno en mitades el jardin 425gr',1,1,NULL,'',NULL,NULL),(57,'7801305100050','piñas en rodajas wasil 560gr',1,1,NULL,'',NULL,NULL),(58,'7801305101354','coctel de frutas wasil 560gr',1,1,NULL,'',NULL,NULL),(59,'7802810031082','mermelada frambuesa original watts250gr',1,1,NULL,'',NULL,NULL),(60,'7802810031037','mermelada de mora original  watts 250gr',1,1,NULL,'',NULL,NULL),(61,'7802810031020','mermelada durazno original watts 250gr',1,1,NULL,'',NULL,NULL),(62,'7802810031075','mermelada de frutilla original watts 250gr',1,1,NULL,'',NULL,NULL),(63,'7802405004040','almidon de maiz any puro rico sano 150gr',1,1,NULL,'',NULL,NULL),(64,'7802800578818','zuko sabor a durazno 25gr',1,1,NULL,'',NULL,NULL),(65,'7802800570980','zuko sabor a papaya 25gr',1,1,NULL,'',NULL,NULL),(66,'7802800578900','zuko sabor a huesillo 25g',1,1,NULL,'',NULL,NULL),(67,'7802800578825','zuko con sabor a pia 25gr',1,1,NULL,'',NULL,NULL),(68,'7802800578801','zuko sabor a naranja 25gr',1,1,NULL,'',NULL,NULL),(69,'7802800578849','zuko con sabor a frutilla 25gr',1,1,NULL,'',NULL,NULL),(70,'7802800578894','zuko con sabor a melon tuna',1,1,NULL,'',NULL,NULL),(71,'7802800578832','zuko con sabor a manzana 25gr',1,1,NULL,'',NULL,NULL),(72,'7802800576456','livean sabor a pia o azucar 7gr',1,1,NULL,'',NULL,NULL),(73,'7802800576418','livean sabor a naranja 0 azucar 7gr',1,1,NULL,'',NULL,NULL),(74,'7802800576739','livean sabor a berries 0 azucar 7gr',1,1,NULL,'',NULL,NULL),(75,'7802800576449','livean sabor a durazno 0 azucar7gr',1,1,NULL,'',NULL,NULL),(76,'7802800576715','livean sabor a mango 0azucar 7gr',1,1,NULL,'',NULL,NULL),(77,'7591016022481','nestea te frio de durazno 450gr',1,1,NULL,'',NULL,NULL),(78,'7591016005965','nestea te frio sabor a limon 90gr',1,1,NULL,'',NULL,NULL),(79,'7802920116013','colum queso fino parmesano 40gr',1,1,NULL,'',NULL,NULL),(80,'7896004004549','corn flakes el original 500gr',1,1,NULL,'',NULL,NULL),(81,'7702103772282','kelloggs zucaritas corn flakes 480gr',1,1,NULL,'',NULL,NULL),(82,'7800120166777','mono choc 260gr cereal',1,1,NULL,'',NULL,NULL),(83,'7802420810268','pasas morenas sultaninas 100gr',1,1,NULL,'',NULL,NULL),(84,'701575381838','levamas levadura125gr',1,1,NULL,'',NULL,NULL),(85,'7622300842444','royal polvo para hornear 30gr',1,1,NULL,'',NULL,NULL),(86,'7803403002212','pan rallado tradicional  ideal 250gr',1,1,NULL,'',NULL,NULL),(87,'7801800101002','aconcagua salsa de tomates italiana 200gr',1,1,NULL,'3',NULL,NULL),(88,'7802420005220','alcaparras edra 60gr',1,1,NULL,'',NULL,NULL),(89,'7802345101021','jugo de limon sucedaneo montaner 250gr',1,1,NULL,'',NULL,NULL),(90,'041789001987','maruchan instant lunch con camaron y chile piquin 64gr',1,1,NULL,'',NULL,NULL),(91,'041789001925','maruchan instant lunch sabor a carne de res 64gr',1,1,NULL,'',NULL,NULL),(92,'041789001833','maruchan instant lunch sabor a queso 64gr',1,1,NULL,'',NULL,NULL),(93,'041789001918','maruchan instant lunch sabor a pollo 64gr',1,1,NULL,'',NULL,NULL),(94,'041789001888','maruchan instant lunch sabor a carne asada 64gr',1,1,NULL,'',NULL,NULL),(95,'7803960000362','avena oso 500gr',1,1,NULL,'',NULL,NULL),(96,'059491002505','mr noodles chicken poulet pollo 64g',1,1,NULL,'',NULL,NULL),(97,'059491002352','mr noodles beef boeuf sabor a carne64gr',1,1,NULL,'',NULL,NULL),(98,'7613030264040','naturnes carnes y verduras colado 215gr',1,1,NULL,'',NULL,NULL),(99,'7798114670150','porotos negros maria va 500gr',1,1,NULL,'',NULL,NULL),(100,'7804673160008','lentejas los granos 1kg',1,1,NULL,'',NULL,NULL),(101,'7802950006636','sopa maggi de caracolitos 76g',1,1,NULL,'',NULL,NULL),(102,'7802950006629','sopa maggi con sabor a pollo arroz 70gr',1,1,NULL,'',NULL,NULL),(103,'7802950008821','sopa maggi con sabor carne con smola 68gr',1,1,NULL,'',NULL,NULL),(104,'7802950008814','sopa maggi con sabor a pollo con Smola 68gr',1,1,NULL,'',NULL,NULL),(105,'7802950006865','puré de papas maggi 125gr',1,1,NULL,'',NULL,NULL),(106,'7806500241294','servilletas abolengo 40und',1,1,NULL,'',NULL,NULL),(107,'2330901','papel aluminio pvc film 30mtrs',1,1,NULL,'',NULL,NULL),(108,'7795091000277','arroz econmico el grande',1,1,NULL,'',NULL,NULL),(109,'7802575004635','pasta larga tallarines carozzi 400g',1,1,NULL,'',NULL,NULL),(110,'7801505231912','azucar iansa 1kg',1,1,NULL,'',NULL,NULL),(111,'7802575353047','salsa de tomate italiana pamarola 200g',1,1,NULL,'3',NULL,NULL),(112,'7804608220074','atn desmenuzado en agua coliseo 170g',1,1,NULL,'',NULL,NULL),(113,'7802408014039','galletas soda cracker 190g',1,1,NULL,'',NULL,NULL),(114,'7613030264088','colado naturnes pollo verduras 215g',1,1,NULL,'',NULL,NULL),(115,'7802575134042','pasta larga tallarines parma 400g',1,1,NULL,'',NULL,NULL),(116,'7802575131218','pasta corta caracoles parma 400g',1,1,NULL,'',NULL,NULL),(117,'7802575133045','pasta corta corbatas parma 400g',1,1,NULL,'',NULL,NULL),(118,'7802575131225','pasta corta espirales parma 400g',1,1,NULL,'',NULL,NULL),(119,'quegauda','queso laminado gauda soprole',1,2,NULL,'',NULL,NULL),(120,'jamonahu','jamn ahumando super cerdo',1,2,NULL,'',NULL,NULL),(121,'salalami','salame laminado la preferida',1,2,NULL,'',NULL,NULL),(122,'mortadela','mortadela jamonada san joger',1,2,NULL,'',NULL,NULL),(123,'jamonacara','jamon acaramelado super cerdo',1,2,NULL,'',NULL,NULL),(124,'jamonsandwi','jamon sandwich pf',1,2,NULL,'',NULL,NULL),(125,'7801907008402','salchicha tradicional san jorge 250g',1,1,NULL,'',NULL,NULL),(126,'7801930000916','salchichas tradicional pf',1,1,NULL,'',NULL,NULL),(127,'030900111308','cream cheese queso crema 226g',1,1,NULL,'',NULL,NULL),(128,'7802900120016','mantequilla con sal soprole 125g',1,1,NULL,'',NULL,NULL),(129,'7802900605001','margarina soprole 250g',1,1,NULL,'',NULL,NULL),(130,'7801930008509','receta del abuelo pasta sabor jamon125g',1,1,NULL,'',NULL,NULL),(131,'7801930008219','receta del abuelo pate de campo',1,1,NULL,'',NULL,NULL),(132,'7801930008226','receta del abuelo pasta de salame',1,1,NULL,'',NULL,NULL),(133,'7802900230241','soprole yoghito sabor damasco 120g',1,1,NULL,'',NULL,NULL),(134,'7802900230227','soprole yoghito120gr',1,1,NULL,'',NULL,NULL),(135,'7803473215253','ideal pan para hamburguesa 520g',1,1,NULL,'',NULL,NULL),(136,'7803403003158','ideal hotdog',1,1,NULL,'',NULL,NULL),(137,'7803403002243','ideal pan integral 580g',1,1,NULL,'',NULL,NULL),(138,'7803403002229','ideal pan blanco560gr',1,1,NULL,'',NULL,NULL),(139,'7803473002662','ideal pan blanco xl 752gr',1,1,NULL,'',NULL,NULL),(140,'7803473300034','queque sabor a vainilla 225gr',1,1,NULL,'',NULL,NULL),(141,'7803403000331','rapidita clasica 200gr',1,1,NULL,'',NULL,NULL),(142,'7591869001244','casabe gourmet',1,1,NULL,'',NULL,NULL),(143,'7804671630022','harina de maiz la criolla 1kl',1,1,NULL,'',NULL,NULL),(144,'7798103580118','aceite de oli vaz extra virgen 500ml',1,1,NULL,'',NULL,NULL),(145,'7805000320799','jabon liquido antibacterial original 1000ml',1,1,NULL,'',NULL,NULL),(146,'7591446002176','malta martn polar 355ml',1,1,NULL,'',NULL,NULL),(147,'7591016873434','SAMBA FRESA 32 GR',1,1,NULL,'',NULL,NULL),(148,'7591016873472','samba chocolate 32gr',1,1,NULL,'',NULL,NULL),(149,'7591016871089','Cocosette four pack 50gr',1,1,NULL,'',NULL,NULL),(150,'7591016871065','Galleta Susy Four pack 50gr',1,1,NULL,'',NULL,NULL),(151,'7707200710342','Flips chocolate/dulce de leche Bolsa 120 gr',1,1,NULL,'',NULL,NULL),(152,'7591039504124','Flips chocolate/dulce de leche Bolsa 225gr',1,1,NULL,'',NULL,NULL),(153,'7466762939010','Pirulin Chocolate 155g',1,1,NULL,'',NULL,NULL),(154,'7466762939041','Pirulin Chocolate 24gr',1,1,NULL,'',NULL,NULL),(155,'040000536819','M&Ms Chocolate Singles 36x48gr',1,1,NULL,'',NULL,NULL),(156,'022000018465','skittles Original Singles 62 gr',1,1,NULL,'',NULL,NULL),(157,'022000018489','skittles Wild Berry Singles 62 gr',1,1,NULL,'',NULL,NULL),(158,'7590006200151','Queso cheddar Rikesa 300g',1,1,NULL,'',NULL,NULL),(159,'047800000144','Diablitos underwood 120gr',1,1,NULL,'',NULL,NULL),(160,'7707237414046','harina de maiz la nieve 1k',1,1,NULL,'',NULL,NULL),(161,'7592396000991','jugos natulac sabor pera lata 340 ml',1,1,NULL,'',NULL,NULL),(162,'7592396001004','jugos natulac sabor manzana lata 340 ml',1,1,NULL,'',NULL,NULL),(163,'7592396000984','jugos natulac sabor durazno lata 340 ml',1,1,NULL,'',NULL,NULL),(164,'7592396002094','jugos natulac sabor pera 1lt',1,1,NULL,'',NULL,NULL),(165,'04026606','skittles sour 62 gr',1,1,NULL,'',NULL,NULL),(166,'7801610000601','coca cola sin azcar 591ml',1,1,NULL,'',NULL,NULL),(167,'7801620075941','pepsi normal 500 ml',1,1,NULL,'',NULL,NULL),(168,'7801610591994','bebiba sprite normal 591 ml',1,1,NULL,'',NULL,NULL),(169,'7801610591116','bebida fanta 591 ml',1,1,NULL,'',NULL,NULL),(170,'7801610237632','bebida inca cola sabor original 2lts',1,1,NULL,'',NULL,NULL),(171,'7801610005286','bebida sprite retornable sabor original 2lts',1,1,NULL,'',NULL,NULL),(172,'7801620008055','bebida desechable canada dry zero 2lts',1,1,NULL,'',NULL,NULL),(173,'7804646000256','energtica MR. BIG 2.5 lts',1,1,NULL,'',NULL,NULL),(174,'7802820441000','agua sin gas benedictino 500 ml',1,1,NULL,'',NULL,NULL),(175,'7801620015800','agua gasificada cachantun 500 ml',1,1,NULL,'',NULL,NULL),(176,'7802820441000','agua sin gas benedictino 500 ml',1,1,NULL,'',NULL,NULL),(177,'7802820021950','agua gasificada vital 1,6lts',1,1,NULL,'',NULL,NULL),(178,'7801620853396','jugo watls  sabor naranja 1,5L',1,1,NULL,'',NULL,NULL),(179,'7801620011611','jugo watls sabor durazno 1,5L',1,1,NULL,'',NULL,NULL),(180,'7801620008796','jugo watls sabor mango 1,5L',1,1,NULL,'',NULL,NULL),(181,'7801620011635','jugo watls sabor pia 1,5L',1,1,NULL,'',NULL,NULL),(182,'7801620004132','jugo watls sabor naranja platano 1,5L',1,1,NULL,'',NULL,NULL),(183,'7730130002614','jugo watls sabor rmanzana 1,5L',1,1,NULL,'',NULL,NULL),(184,'7801620003647','bebida lipton sabor durazno 1,5L',1,1,NULL,'',NULL,NULL),(185,'7801620003630','bebida lipton sabor durazno 1,5L',1,1,NULL,'',NULL,NULL),(186,'7801620003500','bebida lipton sabor tutiarandano 1,5L',1,1,NULL,'',NULL,NULL),(187,'7801620001841','bebida lipton sabor durazno 1,5L',1,1,NULL,'',NULL,NULL),(188,'7801610461020','agua rius sabor limnoada 1,6L',1,1,NULL,'',NULL,NULL),(189,'7801610461044','agua rius sabor uva 1,6L',1,1,NULL,'',NULL,NULL),(190,'7801610461006','agua rius sabor manzana 1,6L',1,1,NULL,'',NULL,NULL),(191,'7801620008338','agua rius sabor pia 1,6L',1,1,NULL,'',NULL,NULL),(192,'7801610461013','agua rius sabor pera 1,6L',1,1,NULL,'',NULL,NULL),(193,'7802820175059','jugos del valle sabor pia 175L',1,1,NULL,'',NULL,NULL),(194,'7802820175011','jugos del valle sabor naranja 175L',1,1,NULL,'',NULL,NULL),(195,'7802820175035','jugos del valle sabor durazno 175L',1,1,NULL,'',NULL,NULL),(196,'7801620852955','agua gasificada cachantun 1,6lts',1,1,NULL,'',NULL,NULL),(197,'7802820021950','agua sin gas vital 1,6lts',1,1,NULL,'',NULL,NULL),(198,'7802820701210','power are rojo 1Lts',1,1,NULL,'',NULL,NULL),(199,'7801620005160','gatorade azul 1lts',1,1,NULL,'',NULL,NULL),(200,'7801620005153|','gatorade rojo 1lts',1,1,NULL,'',NULL,NULL),(201,'7801610001196','coca cola lata sabor original 350ml',1,1,NULL,'',NULL,NULL),(202,'7801610002193','fanta lata sabor original 350ml',1,1,NULL,'',NULL,NULL),(203,'7801610005262','bebiba sprite normal 1,5Lts',1,1,NULL,'',NULL,NULL),(204,'7801620360184','bebiba canada dry 1,5Lts',1,1,NULL,'',NULL,NULL),(205,'7801610001622','bebiba coca cola sabor original 1,5Lts',1,1,NULL,'',NULL,NULL),(206,'7801620290160','bebiba bilz normal 1,5Lts',1,1,NULL,'',NULL,NULL),(207,'7801620330217','bebiba crush orange normal 1,5Lts',1,1,NULL,'',NULL,NULL),(208,'7801610002261','bebiba fanta normal 1,5Lts',1,1,NULL,'',NULL,NULL),(209,'7801610323236','bebiba coca cola normal 3Lts',1,1,NULL,'',NULL,NULL),(210,'7801620001599','bebiba crush orange normal 3Lts',1,1,NULL,'',NULL,NULL),(211,'7801620001193','bebiba bilz normal 3Lts',1,1,NULL,'',NULL,NULL),(212,'7801620001223','bebiba kem normal 3Lts',1,1,NULL,'',NULL,NULL),(213,'7802820650013','bidn de agua benedictino 6.5L',1,1,NULL,'',NULL,NULL),(214,'070847009511','energtica monster verde',1,1,NULL,'',NULL,NULL),(215,'9002490238841','energtica red bull 473ml',1,1,NULL,'',NULL,NULL),(216,'9002490100070','energtica red bull 250ml',1,1,NULL,'',NULL,NULL),(217,'9002490221010','energtica red bull 355ml',1,1,NULL,'',NULL,NULL),(218,'7804115001630','arvejas montina 200g',1,1,NULL,'',NULL,NULL),(219,'0658325880281','panela el molino 500g',1,1,NULL,'',NULL,NULL),(220,'7801907027090','choclo congelados san jorge 200g',1,1,NULL,'',NULL,NULL),(221,'7801900083451','carne de hamburguesa marca winter 100g',1,1,NULL,'',NULL,NULL),(222,'7801930010380','carne de hamburguesa vacuno marca receta del abuelo 100g',1,1,NULL,'',NULL,NULL),(223,'3000721900020','ampolletas westinghouse 70w',1,1,NULL,'',NULL,NULL),(224,'7804920001689','ballerina jabon liquido yoghurt vainilla coco 900gr',1,1,NULL,'',NULL,NULL),(225,'7804920006257','jabon liquido ballerina maqui acai 900gr',1,1,NULL,'',NULL,NULL),(226,'7804920001221','baby lee jabon dermatologico 900gr',1,1,NULL,'',NULL,NULL),(227,'cepillolavar','cepillo de lavar',1,1,NULL,'',NULL,NULL),(228,'1000405030106','traperos paos microfibra de pisos',1,1,NULL,'',NULL,NULL),(229,'paomicrofibra','traperos paos algodn de pisos',1,1,NULL,'',NULL,NULL),(230,'paococina','paitos de cocina',1,1,NULL,'',NULL,NULL),(231,'7806130003736','balloons velas de cumpleao x12surtidas',1,1,NULL,'',NULL,NULL),(232,'7791290790513','crema multiuso cif 750gr',1,1,NULL,'',NULL,NULL),(233,'7805000115913','quix x3 lavalozas concentrado limon 750gr',1,1,NULL,'',NULL,NULL),(234,'7806810800457','bolsa grande para basura 80x110',1,1,NULL,'',NULL,NULL),(235,'7806810800440','bolsa para basura virutex 70x90 10unds',1,1,NULL,'',NULL,NULL),(236,'7805020311043','limpiapisos desinfectante 900gr aroma primavera',1,1,NULL,'',NULL,NULL),(237,'7805080100021','clorinda cloro concentrado 1litro',1,1,NULL,'',NULL,NULL),(238,'7751851010283','sapolio mata araas',1,1,NULL,'',NULL,NULL),(239,'7751851006613','sapolio mata cucarachas y hormigas 360gr',1,1,NULL,'',NULL,NULL),(240,'7751851006620','sapolio mata mosca y zancudos 360gr',1,1,NULL,'',NULL,NULL),(241,'7805040000552','arom virginia frutilla crema 225gr aromatizante',1,1,NULL,'',NULL,NULL),(242,'7805040000576','arom virginia jardin de lavanda aromatizante225gr',1,1,NULL,'',NULL,NULL),(243,'7806500961710','ladysoft basica tela suave sin alas 8unid',1,1,NULL,'',NULL,NULL),(244,'7790250096061','ladysoft ultra delgada con alas 8 unidad',1,1,NULL,'',NULL,NULL),(245,'7790250096085','ladysoft normal tela suave con alas 8 unidades',1,1,NULL,'',NULL,NULL),(246,'vela','paquete velas 4 unidades',1,1,NULL,'',NULL,NULL),(247,'7806500172116','pañuelos elite',1,1,NULL,'',NULL,NULL),(248,'virutillafina','virutilla fina',1,1,NULL,'',NULL,NULL),(249,'virutillagruesa','virutilla gruesa',1,1,NULL,'',NULL,NULL),(250,'esponjafina','esponja fina',1,1,NULL,'',NULL,NULL),(251,'esponjagruesa','esponja gruesa',1,1,NULL,'',NULL,NULL),(252,'7804657020007','virutilla dorada',1,1,NULL,'',NULL,NULL),(253,'2330102','papel alumninio 30 cm',1,1,NULL,'',NULL,NULL),(254,'7807222617022','guantes multiusos doa nieves',1,1,NULL,'',NULL,NULL),(255,'8935236000031','cepillos de diente colgate',1,1,NULL,'',NULL,NULL),(256,'6910021007206','cepillos de diente colgate premier clean',1,1,NULL,'',NULL,NULL),(257,'paoamaocina','panos amarillos de cocina multiusos',1,1,NULL,'',NULL,NULL),(258,'esponja de alambre','esponja de alambre',1,1,NULL,'',NULL,NULL),(259,'77317186','la gotita pegaloca',1,1,NULL,'',NULL,NULL),(260,'pañitos','pañitos multiuso 3unidade',1,1,NULL,'',NULL,NULL),(261,'2410205i1','paquete de vasos blanco 50 unidades tamao  mediano',1,1,NULL,'',NULL,NULL),(262,'2230301','good food palito coctel 100 unidades',1,1,NULL,'',NULL,NULL),(263,'7806300010021','caja de fosforo copihue 10 unid',1,1,NULL,'',NULL,NULL),(264,'7501035908925','lady speed stick invisible desorante floral 48h',1,1,NULL,'',NULL,NULL),(265,'7509546015545','lady speed stick active fresh 24/7 48 horas 65gr',1,1,NULL,'',NULL,NULL),(266,'7509546063515','ladyspeed stick 24/7 pro5 spray 91gr 48h',1,1,NULL,'',NULL,NULL),(267,'7509546000985','colgate pasta dental 75gr triple accion',1,1,NULL,'',NULL,NULL),(268,'7891024028575','protex tamao familiar omega 3 nutri protect 125grcon oleo de linaza',1,1,NULL,'',NULL,NULL),(269,'7891024113684','protex tamao familiar omega 3 nutri protect 125g aloe',1,1,NULL,'',NULL,NULL),(270,'8000700000005','jabon dove100gr beauty cream bar',1,1,NULL,'',NULL,NULL),(271,'8999999527679','jabon lux velvet touch 80gr',1,1,NULL,'',NULL,NULL),(272,'8999999527693','jabon lux 80gr magical spell',1,1,NULL,'',NULL,NULL),(273,'8999999527563','jabon lux soft touch80gr',1,1,NULL,'',NULL,NULL),(274,'7500435128650','acondicionador pantene pro/v 400ml micela purifica hidrata',1,1,NULL,'',NULL,NULL),(275,'7501006721133','shampoo pantene restauracion 400ml',1,1,NULL,'',NULL,NULL),(276,'7891150062801','dove shampoo 400ml ritual detox nutritive secrets',1,1,NULL,'',NULL,NULL),(277,'7809558101091','daily endulzante 270ml tradicional',1,1,NULL,'',NULL,NULL),(278,'7806810011334','escobillon azul clas vtx economico',1,1,NULL,'',NULL,NULL),(279,'7794640170881','eno antiacido sabor regular',1,1,NULL,'',NULL,NULL),(280,'041333428482','duracell 1 pila aaa',1,1,NULL,'',NULL,NULL),(281,'7613034868237','milo nestle chocolate 28gr',1,1,NULL,'',NULL,NULL),(282,'7802800503735','cafe premium gold capuccino 15gr',1,1,NULL,'',NULL,NULL),(283,'7802800503728','cafe premium gold choco moka 15gr',1,1,NULL,'',NULL,NULL),(284,'7802615006551','arroz miraflores largo ancho grado 1',1,1,NULL,'',NULL,NULL),(285,'7804643510949','tomillo doña lupe',1,1,NULL,NULL,NULL,NULL),(286,'7804643510857','pimienta negra molida doña lupe',1,1,NULL,NULL,NULL,NULL),(287,'7804643510802','canela entera doña lupe',1,1,NULL,NULL,NULL,NULL),(288,'7802420002212','jengibre en polvo marco polo 15g',1,1,NULL,NULL,NULL,NULL),(289,'7804643510581','maní tostado sin sal doña lupe 80gr',1,1,NULL,NULL,NULL,NULL),(290,'7804643510604','mix frutos secos con sal doña lupe 80g',1,1,NULL,NULL,NULL,NULL),(291,'7804643510789','aliño completo doña lupe 15g',1,1,NULL,NULL,NULL,NULL),(292,'7804643510758','aji de color doña lupe20G',1,1,NULL,NULL,NULL,NULL),(293,'7801610000571','bebiba coca cola sabor original 591ml',5,1,NULL,NULL,NULL,NULL),(294,'7702018880409','prestobarba gillette triple hoja',1,1,NULL,NULL,NULL,NULL),(295,'detergenteliq','detergente liquido 5 lts',9,1,NULL,NULL,NULL,NULL),(296,'7622201817213','galleta oreo 154g',6,1,NULL,NULL,NULL,NULL),(297,'7802230081162','galletas kuky clasica 120g',1,1,NULL,NULL,NULL,NULL),(298,'7590011105106','paquete galletas club social',6,1,NULL,NULL,NULL,NULL),(299,'7802408003460','Galletas fruna coco 200g.',1,1,NULL,'2',NULL,NULL),(300,'7802408004702','Galletas fruna chocolate 200g.',6,1,NULL,'2',NULL,NULL),(301,'7802408003484','Galletas fruna mantequilla 200g.',6,1,NULL,'2',NULL,NULL),(302,'7802230086969','galletas triton sabor chocolate 126g',6,1,NULL,NULL,NULL,NULL),(303,'7802230086952','Galletas triton sabor a vainilla 126g',6,1,NULL,NULL,NULL,NULL),(304,'7802408014039','galletas soda cracker 190g',6,1,NULL,NULL,NULL,NULL),(305,'7802225683289','galletas horneadas craker 54g',6,1,NULL,'4',NULL,NULL),(306,'7591082000208','galletas marilu sabor a vainilla 216 g',6,1,NULL,NULL,NULL,NULL),(307,'7591082000284','galletas marilu sabor a chocolate 216 g',6,1,NULL,NULL,NULL,NULL),(308,'7591082000291','galletas maria puig',6,1,NULL,NULL,NULL,NULL),(309,'7802215512285','Galleta Frac Vainilla 130g',6,1,NULL,NULL,NULL,NULL),(310,'7802215512278','Galleta Frac chocolate 130g',6,1,NULL,NULL,NULL,NULL),(311,'7802215512292','Galleta Frac capuccino 130g',6,1,NULL,NULL,NULL,NULL),(312,'7891962060453','tostada clasica 142g',6,1,NULL,NULL,NULL,NULL),(313,'7898279797898','Marshmallow con forma de corazon 80g',6,1,NULL,NULL,NULL,NULL),(314,'7898591458354','Marshmallow con forma de trenza de colores 80g',6,1,NULL,NULL,NULL,NULL),(315,'7802420151439','Crunchis Horneados sufles 280g',6,1,NULL,NULL,NULL,NULL),(316,'7802420001864','Papas Fritas Sabor Jamón Serrano',6,1,NULL,NULL,NULL,NULL),(317,'7802420005442','Papas Fritas Sabor limón 200g',6,1,NULL,NULL,NULL,NULL),(318,'7802000013607','Papas Fritas Stax Sabor Original Tarro 135g',6,1,NULL,NULL,NULL,NULL),(319,'7804643510628','mix power doña lupe',1,1,NULL,NULL,NULL,NULL),(320,'7804643510833','pimienta negra entera doña lupe 15g',1,1,NULL,NULL,NULL,NULL),(321,'7804643510888','clavo de olor dla lupe 5g',1,1,NULL,NULL,NULL,NULL),(322,'7802420004605','ajo en polvo edra 15g',1,1,NULL,NULL,NULL,NULL),(323,'7804643510765','merken doña lupe 20g',1,1,NULL,NULL,NULL,NULL),(324,'7802420004865','oregano deshidratado 20g',1,1,NULL,NULL,NULL,NULL),(325,'7591016854976','chocolate galak leche 30g',6,1,NULL,NULL,NULL,NULL),(326,'7591016851128','chocolate savoy  leche/chocolate 130g',1,1,NULL,NULL,NULL,NULL),(327,'7591016854969','chocolate galak leche 130g',6,1,NULL,NULL,NULL,NULL),(328,'7622201776602','goma de mascar trident  sabor frutilla 8,5g',6,1,NULL,'3',NULL,NULL),(329,'7622201776572','goma de mascar trident  sabor yerbabuena 8,5g',6,1,NULL,NULL,NULL,NULL),(330,'78005624','Chicle Bigtime Sabor Menta 11g',1,1,NULL,NULL,NULL,NULL),(331,'78068308','Chicle Bigtime Sabor refrescante 11g',1,1,NULL,NULL,NULL,NULL),(332,'78068315','Chicle Bigtime Sabor strong 11g',6,1,NULL,NULL,NULL,NULL),(333,'78600010','tic tac menta',1,1,NULL,NULL,NULL,NULL),(334,'040000514251','barra de chocolate snickers 53g',6,1,NULL,NULL,NULL,NULL),(335,'7613034276490','Chocolate Trencito Nestlé 24 g',6,1,NULL,NULL,NULL,NULL),(336,'7802230975324','Chocolate Prestigio  35g',6,1,NULL,NULL,NULL,NULL),(337,'7798040462157','Push Pop display sabor surtidos',6,1,NULL,NULL,NULL,NULL),(338,'5011053003325','Push Pop display sabor frambuesa',6,1,NULL,NULL,NULL,NULL),(339,'5011053003325','Push Pop display sabor naranja',6,1,NULL,NULL,NULL,NULL),(340,'5011053003325','Push Pop display sabor frutos del bosque',6,1,NULL,NULL,NULL,NULL),(341,'041333016634','duracell 1 pila doble A',10,1,NULL,NULL,NULL,NULL),(342,'7592396002070','jugos natulac sabor pera 1lt',5,1,NULL,NULL,NULL,NULL),(343,'742832751988','energetica score gorilla',5,1,NULL,NULL,NULL,NULL),(344,'7794640170904','eno antiacido sabor limón',1,1,NULL,NULL,NULL,NULL),(345,'7804620833467','omeprazol 20g',1,1,NULL,'10',NULL,NULL),(346,'7800004399536','tapsin caliente dia 5g',1,1,NULL,NULL,NULL,NULL),(347,'7800004399567','tapsin caliente noche 5g',1,1,NULL,NULL,NULL,NULL),(348,'7800007771278','ibuprofeno 400mg',1,1,NULL,NULL,NULL,NULL),(349,'7800007771353','ibuprofeno 600mg',1,1,NULL,NULL,NULL,NULL),(350,'7800007649126','loratadina 10mg',1,1,NULL,NULL,NULL,NULL),(351,'paracetamol','paracetamol 500mg',1,1,NULL,NULL,NULL,NULL),(352,'7800028000357','migranol tableta',1,1,NULL,'2',NULL,NULL),(353,'pastillacarbon','pastilla carbon',1,1,NULL,NULL,NULL,NULL),(354,'butonadu','buton adultos',1,1,NULL,NULL,NULL,NULL),(355,'7802575131294','pasta corta codos parma 400g (kgs)',1,1,NULL,NULL,NULL,NULL),(356,'7622201776664','goma de mascar trident sabor menta 8,5g',6,1,NULL,'3',NULL,NULL),(357,'7898591457814','tubos geles dulces sabor frutas silvestres y crema acidos 80g',6,1,NULL,NULL,NULL,NULL),(358,'7908228801917','tubos geles dulces sabor uva 80g',6,1,NULL,NULL,NULL,NULL),(359,'7898591453106','tubos geles dulces sabor  tuti fruti acida 80g',6,1,NULL,NULL,NULL,NULL),(360,'719503030123','mayonesa mavesa 445gr',1,1,NULL,NULL,NULL,NULL),(361,'038000138416','papas pringles original  tarro rojo 5.2 oz',1,1,NULL,NULL,NULL,NULL),(362,'7591072005855','Diablitos underwood 54gr',1,1,NULL,NULL,NULL,NULL);
/*!40000 ALTER TABLE `productos` ENABLE KEYS */;
UNLOCK TABLES;

--
-- Table structure for table `proveedores`
--

DROP TABLE IF EXISTS `proveedores`;
/*!40101 SET @saved_cs_client     = @@character_set_client */;
/*!40101 SET character_set_client = utf8 */;
CREATE TABLE `proveedores` (
  `id` bigint(20) unsigned NOT NULL AUTO_INCREMENT,
  `nombre` varchar(255) COLLATE utf8mb4_unicode_ci NOT NULL,
  `categoria` bigint(20) unsigned NOT NULL,
  `telefono` varchar(255) COLLATE utf8mb4_unicode_ci NOT NULL,
  PRIMARY KEY (`id`),
  KEY `proveedores_categoria_foreign` (`categoria`),
  CONSTRAINT `proveedores_categoria_foreign` FOREIGN KEY (`categoria`) REFERENCES `categoria` (`id`)
) ENGINE=InnoDB DEFAULT CHARSET=utf8mb4 COLLATE=utf8mb4_unicode_ci;
/*!40101 SET character_set_client = @saved_cs_client */;

--
-- Dumping data for table `proveedores`
--

LOCK TABLES `proveedores` WRITE;
/*!40000 ALTER TABLE `proveedores` DISABLE KEYS */;
/*!40000 ALTER TABLE `proveedores` ENABLE KEYS */;
UNLOCK TABLES;

--
-- Table structure for table `stock`
--

DROP TABLE IF EXISTS `stock`;
/*!40101 SET @saved_cs_client     = @@character_set_client */;
/*!40101 SET character_set_client = utf8 */;
CREATE TABLE `stock` (
  `id` bigint(20) unsigned NOT NULL AUTO_INCREMENT,
  `id_prod` bigint(20) unsigned NOT NULL,
  `cantidad` int(11) NOT NULL,
  `fecha_ingreso` varchar(255) COLLATE utf8mb4_unicode_ci NOT NULL,
  `fecha_venc` varchar(255) COLLATE utf8mb4_unicode_ci NOT NULL,
  `created_at` timestamp NULL DEFAULT NULL,
  `updated_at` timestamp NULL DEFAULT NULL,
  PRIMARY KEY (`id`),
  KEY `stock_id_prod_foreign` (`id_prod`),
  CONSTRAINT `stock_id_prod_foreign` FOREIGN KEY (`id_prod`) REFERENCES `productos` (`id`)
) ENGINE=InnoDB AUTO_INCREMENT=363 DEFAULT CHARSET=utf8mb4 COLLATE=utf8mb4_unicode_ci;
/*!40101 SET character_set_client = @saved_cs_client */;

--
-- Dumping data for table `stock`
--

LOCK TABLES `stock` WRITE;
/*!40000 ALTER TABLE `stock` DISABLE KEYS */;
INSERT INTO `stock` VALUES (1,1,1,'28/06/2022','28/06/2022',NULL,NULL),(2,2,11,'08/07/2022','08/07/2022',NULL,NULL),(3,3,26,'11/06/2022','30/11/2022',NULL,NULL),(4,4,25,'09/07/2022','09/07/2022',NULL,NULL),(5,5,6,'06/07/2022','06/07/2022',NULL,NULL),(6,6,15,'24/06/2022','24/06/2022',NULL,NULL),(7,7,22,'24/06/2022','24/06/2022',NULL,NULL),(8,8,10,'11/06/2022','28/03/2023',NULL,NULL),(9,9,19,'11/06/2022','26/04/2023',NULL,NULL),(10,10,4,'11/06/2022','21/07/2022',NULL,NULL),(11,11,7,'11/06/2022','02/03/2023',NULL,NULL),(12,12,5,'11/06/2022','17/02/2022',NULL,NULL),(13,13,21,'28/06/2022','28/06/2022',NULL,NULL),(14,14,8,'06/07/2022','06/07/2022',NULL,NULL),(15,15,2,'11/06/2022','28/06/2025',NULL,NULL),(16,16,12,'03/07/2022','03/07/2022',NULL,NULL),(17,17,12,'11/06/2022','26/02/2024',NULL,NULL),(18,18,6,'11/06/2022','30/06/2022',NULL,NULL),(19,19,20,'11/06/2022','30/09/2022',NULL,NULL),(20,20,13,'11/06/2022','30/09/2022',NULL,NULL),(21,21,3,'06/07/2022','06/07/2022',NULL,NULL),(22,22,13,'11/06/2022','06/01/2026',NULL,NULL),(23,23,10,'11/06/2022','19/06/2023',NULL,NULL),(24,24,1,'11/06/2022','31/12/2022',NULL,NULL),(25,25,4,'11/06/2022','17/06/2023',NULL,NULL),(26,26,4,'11/06/2022','27/08/2024',NULL,NULL),(27,27,20,'24/06/2022','24/06/2022',NULL,NULL),(28,28,1,'11/06/2022','28/01/2024',NULL,NULL),(29,29,1,'08/07/2022','08/07/2022',NULL,NULL),(30,30,2,'11/06/2022','21/10/2026',NULL,NULL),(31,31,10,'05/07/2022','05/07/2022',NULL,NULL),(32,32,4,'04/07/2022','04/07/2022',NULL,NULL),(33,33,17,'11/06/2022','12/03/2025',NULL,NULL),(34,34,11,'11/06/2022','29/07/2025',NULL,NULL),(35,35,5,'11/06/2022','09/03/2024',NULL,NULL),(36,36,2,'11/06/2022','26/02/2024',NULL,NULL),(37,37,1,'05/07/2022','05/07/2022',NULL,NULL),(38,38,6,'06/07/2022','06/07/2022',NULL,NULL),(39,39,6,'06/07/2022','06/07/2022',NULL,NULL),(40,40,22,'11/06/2022','10/12/2022',NULL,NULL),(41,41,19,'04/07/2022','04/07/2022',NULL,NULL),(42,42,11,'12/06/2022','30/06/2022',NULL,NULL),(43,43,7,'12/06/2022','25/01/2022',NULL,NULL),(44,44,3,'12/06/2022','02/09/2022',NULL,NULL),(45,45,0,'12/06/2022','02/09/2022',NULL,NULL),(46,46,1,'12/06/2022','07/06/2022',NULL,NULL),(47,47,5,'12/06/2022','19/06/2022',NULL,NULL),(48,48,8,'12/06/2022','26/07/2022',NULL,NULL),(49,49,4,'12/06/2022','30/06/2023',NULL,NULL),(50,50,1,'12/06/2022','30/06/2023',NULL,NULL),(51,51,2,'12/06/2022','02/08/2024',NULL,NULL),(52,52,2,'06/07/2022','06/07/2022',NULL,NULL),(53,53,6,'12/06/2022','17/01/2024',NULL,NULL),(54,54,20,'04/07/2022','04/07/2022',NULL,NULL),(55,55,19,'04/07/2022','04/07/2022',NULL,NULL),(56,56,6,'12/06/2022','26/07/2023',NULL,NULL),(57,57,2,'12/06/2022','08/03/2024',NULL,NULL),(58,58,4,'12/06/2022','02/04/2024',NULL,NULL),(59,59,5,'12/06/2022','05/08/2022',NULL,NULL),(60,60,2,'12/06/2022','27/08/2022',NULL,NULL),(61,61,4,'12/06/2022','17/08/2022',NULL,NULL),(62,62,2,'12/06/2022','17/08/2022',NULL,NULL),(63,63,10,'04/07/2022','04/07/2022',NULL,NULL),(64,64,24,'12/06/2022','29/04/2023',NULL,NULL),(65,65,24,'12/06/2022','20/08/2023',NULL,NULL),(66,66,23,'12/06/2022','20/01/2023',NULL,NULL),(67,67,22,'12/06/2022','29/04/2023',NULL,NULL),(68,68,19,'12/06/2022','29/04/2023',NULL,NULL),(69,69,17,'12/06/2022','29/04/2023',NULL,NULL),(70,70,24,'12/06/2022','28/05/2023',NULL,NULL),(71,71,18,'12/06/2022','20/09/2023',NULL,NULL),(72,72,45,'12/06/2022','28/05/2023',NULL,NULL),(73,73,39,'12/06/2022','29/04/2023',NULL,NULL),(74,74,25,'12/06/2022','23/04/2023',NULL,NULL),(75,75,47,'12/06/2022','23/04/2023',NULL,NULL),(76,76,46,'12/06/2022','23/04/2023',NULL,NULL),(77,77,4,'05/07/2022','05/07/2022',NULL,NULL),(78,78,4,'04/07/2022','04/07/2022',NULL,NULL),(79,79,4,'12/06/2022','29/04/2023',NULL,NULL),(80,80,2,'12/06/2022','25/10/2022',NULL,NULL),(81,81,5,'06/07/2022','06/07/2022',NULL,NULL),(82,82,6,'12/06/2022','29/04/2022',NULL,NULL),(83,83,9,'12/06/2022','14/09/2023',NULL,NULL),(84,84,4,'04/07/2022','04/07/2022',NULL,NULL),(85,85,15,'04/07/2022','04/07/2022',NULL,NULL),(86,86,4,'12/06/2022','16/06/2022',NULL,NULL),(87,87,4,'12/06/2022','05/10/2022',NULL,NULL),(88,88,4,'06/07/2022','06/07/2022',NULL,NULL),(89,89,2,'12/06/2022','30/09/2022',NULL,NULL),(90,90,2,'04/07/2022','04/07/2022',NULL,NULL),(91,91,3,'04/07/2022','04/07/2022',NULL,NULL),(92,92,1,'03/07/2022','03/07/2022',NULL,NULL),(93,93,0,'06/07/2022','06/07/2022',NULL,NULL),(94,94,1,'03/07/2022','03/07/2022',NULL,NULL),(95,95,1,'12/06/2022','04/08/2022',NULL,NULL),(96,96,1,'04/07/2022','04/07/2022',NULL,NULL),(97,97,1,'04/07/2022','04/07/2022',NULL,NULL),(98,98,10,'12/06/2022','30/06/2022',NULL,NULL),(99,99,4,'12/06/2022','18/05/2022',NULL,NULL),(100,100,2,'12/06/2022','27/00/8202',NULL,NULL),(101,101,10,'12/06/2022','30/06/2022',NULL,NULL),(102,102,17,'12/06/2022','30/06/2022',NULL,NULL),(103,103,4,'12/06/2022','30/06/2022',NULL,NULL),(104,104,17,'12/06/2022','30/06/2022',NULL,NULL),(105,105,17,'06/07/2022','06/07/2022',NULL,NULL),(106,106,14,'13/06/2022','30/10/2022',NULL,NULL),(107,107,14,'13/06/2022','30/10/2022',NULL,NULL),(108,108,3,'13/06/2022','30/06/2022',NULL,NULL),(109,109,6,'06/07/2022','06/07/2022',NULL,NULL),(110,110,4,'30/06/2022','30/06/2022',NULL,NULL),(111,111,9,'24/06/2022','01/04/2023',NULL,NULL),(112,112,10,'24/06/2022','31/12/2022',NULL,NULL),(113,113,10,'24/06/2022','31/08/2022',NULL,NULL),(114,114,3,'24/06/2022','31/12/2022',NULL,NULL),(115,115,10,'24/06/2022','27/08/2023',NULL,NULL),(116,116,4,'24/06/2022','23/02/2023',NULL,NULL),(117,117,3,'24/06/2022','27/08/2022',NULL,NULL),(118,118,5,'25/06/2022','31/12/2022',NULL,NULL),(119,119,10,'25/06/2022','31/12/2022',NULL,NULL),(120,120,3,'25/06/2022','31/12/2022',NULL,NULL),(121,121,5,'25/06/2022','31/12/2022',NULL,NULL),(122,122,7000,'25/06/2022','14/10/2022',NULL,NULL),(123,123,7048,'02/07/2022','02/07/2022',NULL,NULL),(124,124,1600,'26/06/2022','31/12/2022',NULL,NULL),(125,125,3000,'26/06/2022','30/12/2022',NULL,NULL),(126,126,7120,'26/06/2022','31/12/2022',NULL,NULL),(127,127,6400,'26/06/2022','31/12/2022',NULL,NULL),(128,128,20,'26/06/2022','16/07/2022',NULL,NULL),(129,129,24,'26/06/2022','17/08/2022',NULL,NULL),(130,130,12,'26/06/2022','31/12/2022',NULL,NULL),(131,131,10,'26/06/2022','25/12/2022',NULL,NULL),(132,132,2,'26/06/2022','27/07/2022',NULL,NULL),(133,133,5,'26/06/2022','01/09/2022',NULL,NULL),(134,134,5,'26/06/2022','01/09/2022',NULL,NULL),(135,135,5,'26/06/2022','31/08/2022',NULL,NULL),(136,136,12,'26/06/2022','07/08/2022',NULL,NULL),(137,137,12,'26/06/2022','07/08/2022',NULL,NULL),(138,138,5,'26/06/2022','30/06/2022',NULL,NULL),(139,139,5,'26/06/2022','08/07/2022',NULL,NULL),(140,140,1,'26/06/2022','03/07/2022',NULL,NULL),(141,141,5,'26/06/2022','06/07/2022',NULL,NULL),(142,142,5,'26/06/2022','05/07/2022',NULL,NULL),(143,143,5,'26/06/2022','04/07/2022',NULL,NULL),(144,144,5,'26/06/2022','22/07/2022',NULL,NULL),(145,145,5,'26/06/2022','12/01/2024',NULL,NULL),(146,146,20,'26/06/2022','14/01/2023',NULL,NULL),(147,147,19,'26/06/2022','05/04/2023',NULL,NULL),(148,148,20,'26/06/2022','26/06/2022',NULL,NULL),(149,149,46,'28/06/2022','31/12/2022',NULL,NULL),(150,150,20,'28/06/2022','31/12/2022',NULL,NULL),(151,151,20,'28/06/2022','31/12/2022',NULL,NULL),(152,152,1,'03/07/2022','03/07/2022',NULL,NULL),(153,153,20,'04/07/2022','04/07/2022',NULL,NULL),(154,154,28,'28/06/2022','21/12/2022',NULL,NULL),(155,155,24,'04/07/2022','04/07/2022',NULL,NULL),(156,156,24,'04/07/2022','04/07/2022',NULL,NULL),(157,157,24,'04/07/2022','04/07/2022',NULL,NULL),(158,158,1,'28/06/2022','31/12/2022',NULL,NULL),(159,159,36,'28/06/2022','31/12/2022',NULL,NULL),(160,160,36,'28/06/2022','31/12/2022',NULL,NULL),(161,161,12,'28/06/2022','31/12/2022',NULL,NULL),(162,162,24,'28/06/2022','31/12/2022',NULL,NULL),(163,163,39,'28/06/2022','31/12/2022',NULL,NULL),(164,164,24,'28/06/2022','28/06/2022',NULL,NULL),(165,165,24,'28/06/2022','28/06/2022',NULL,NULL),(166,166,24,'03/07/2022','03/07/2022',NULL,NULL),(167,167,12,'28/06/2022','28/06/2022',NULL,NULL),(168,168,36,'29/06/2022','07/02/2023',NULL,NULL),(169,169,8,'29/06/2022','01/07/2022',NULL,NULL),(170,170,4,'29/06/2022','31/12/2022',NULL,NULL),(171,171,3,'29/06/2022','04/07/2022',NULL,NULL),(172,172,11,'29/06/2022','13/07/2022',NULL,NULL),(173,173,2,'04/07/2022','04/07/2022',NULL,NULL),(174,174,1,'06/07/2022','06/07/2022',NULL,NULL),(175,175,1,'06/07/2022','06/07/2022',NULL,NULL),(176,176,6,'29/06/2022','31/01/2023',NULL,NULL),(177,177,15,'29/06/2022','20/04/2023',NULL,NULL),(178,178,37,'03/07/2022','03/07/2022',NULL,NULL),(179,179,4,'03/07/2022','03/07/2022',NULL,NULL),(180,180,5,'03/07/2022','03/07/2022',NULL,NULL),(181,181,5,'03/07/2022','03/07/2022',NULL,NULL),(182,182,5,'03/07/2022','03/07/2022',NULL,NULL),(183,183,4,'03/07/2022','03/07/2022',NULL,NULL),(184,184,5,'29/06/2022','29/09/2022',NULL,NULL),(185,185,3,'29/06/2022','31/07/2022',NULL,NULL),(186,186,4,'29/06/2022','09/01/2023',NULL,NULL),(187,187,9,'29/06/2022','09/01/2023',NULL,NULL),(188,188,6,'29/06/2022','03/10/2022',NULL,NULL),(189,189,5,'29/06/2022','06/10/2022',NULL,NULL),(190,190,7,'29/06/2022','31/01/2023',NULL,NULL),(191,191,11,'29/06/2022','31/04/2023',NULL,NULL),(192,192,4,'29/06/2022','23/04/2023',NULL,NULL),(193,193,5,'29/06/2022','23/04/2023',NULL,NULL),(194,194,3,'29/06/2022','23/04/2023',NULL,NULL),(195,195,2,'29/06/2022','31/12/2023',NULL,NULL),(196,196,3,'29/06/2022','31/12/2022',NULL,NULL),(197,197,1,'29/06/2022','31/12/2022',NULL,NULL),(198,198,3,'29/06/2022','31/12/2023',NULL,NULL),(199,199,1,'29/06/2022','31/04/2023',NULL,NULL),(200,200,8,'29/06/2022','31/04/2023',NULL,NULL),(201,201,3,'29/06/2022','31/12/2022',NULL,NULL),(202,202,3,'29/06/2022','31/12/2022',NULL,NULL),(203,203,12,'29/06/2022','31/12/2022',NULL,NULL),(204,204,3,'29/06/2022','31/12/2022',NULL,NULL),(205,205,1,'30/06/2022','30/06/2022',NULL,NULL),(206,206,2,'30/06/2022','30/06/2022',NULL,NULL),(207,207,9,'30/06/2022','18/08/2022',NULL,NULL),(208,208,3,'30/06/2022','31/12/2022',NULL,NULL),(209,209,3,'30/06/2022','31/12/2022',NULL,NULL),(210,210,1,'30/06/2022','31/12/2022',NULL,NULL),(211,211,3,'30/06/2022','31/12/2022',NULL,NULL),(212,212,5,'30/06/2022','27/03/2023',NULL,NULL),(213,213,2,'30/06/2022','23/03/2023',NULL,NULL),(214,214,3,'30/06/2022','23/03/2023',NULL,NULL),(215,215,14,'30/06/2022','31/12/2022',NULL,NULL),(216,216,7,'30/06/2022','31/12/2022',NULL,NULL),(217,217,11,'30/06/2022','31/12/2023',NULL,NULL),(218,218,22,'30/06/2022','31/12/2023',NULL,NULL),(219,219,20,'30/06/2022','30/06/2022',NULL,NULL),(220,220,20,'30/06/2022','30/06/2022',NULL,NULL),(221,221,24,'30/06/2022','30/03/2023',NULL,NULL),(222,222,10,'30/06/2022','30/06/2022',NULL,NULL),(223,223,2,'04/07/2022','04/07/2022',NULL,NULL),(224,224,42,'30/06/2022','01/01/2023',NULL,NULL),(225,225,2,'30/06/2022','31/12/2023',NULL,NULL),(226,226,5,'30/06/2022','30/11/2024',NULL,NULL),(227,227,2,'30/06/2022','30/07/2024',NULL,NULL),(228,228,1,'30/06/2022','29/04/203',NULL,NULL),(229,229,10,'30/06/2022','31/12/223',NULL,NULL),(230,230,5,'30/06/2022','30/06/2022',NULL,NULL),(231,231,5,'30/06/2022','30/06/2022',NULL,NULL),(232,232,4,'30/06/2022','31/12/2022',NULL,NULL),(233,233,11,'30/06/2022','31/12/2023',NULL,NULL),(234,234,7,'30/06/2022','30/11/2023',NULL,NULL),(235,235,3,'30/06/2022','05/01/2023',NULL,NULL),(236,236,24,'30/06/2022','31/12/2023',NULL,NULL),(237,237,11,'06/07/2022','06/07/2022',NULL,NULL),(238,238,2,'30/06/2022','31/12/2023',NULL,NULL),(239,239,10,'30/06/2022','31/12/2023',NULL,NULL),(240,240,4,'30/06/2022','08/07/2023',NULL,NULL),(241,241,3,'30/06/2022','03/11/2023',NULL,NULL),(242,242,6,'30/06/2022','13/07/2024',NULL,NULL),(243,243,1,'03/07/2022','03/07/2022',NULL,NULL),(244,244,0,'03/07/2022','03/07/2022',NULL,NULL),(245,245,39,'03/07/2022','03/07/2022',NULL,NULL),(246,246,17,'30/06/2022','12/07/2022',NULL,NULL),(247,247,19,'30/06/2022','10/02/2021',NULL,NULL),(248,248,6,'30/06/2022','31/12/2024',NULL,NULL),(249,249,8,'30/06/2022','31/12/2024',NULL,NULL),(250,250,2,'30/06/2022','31/12/2023',NULL,NULL),(251,251,2,'30/06/2022','31/12/2023',NULL,NULL),(252,252,4,'30/06/2022','31/12/2024',NULL,NULL),(253,253,6,'30/06/2022','31/12/2024',NULL,NULL),(254,254,3,'03/07/2022','03/07/2022',NULL,NULL),(255,255,4,'30/06/2022','30/06/2022',NULL,NULL),(256,256,5,'30/06/2022','31/12/2024',NULL,NULL),(257,257,10,'30/06/2022','31/12/2024',NULL,NULL),(258,258,3,'30/06/2022','31/12/2024',NULL,NULL),(259,259,6,'30/06/2022','31/12/2024',NULL,NULL),(260,260,5,'30/06/2022','31/12/2023',NULL,NULL),(261,261,4,'30/06/2022','31/12/2024',NULL,NULL),(262,262,3,'30/06/2022','31/12/2023',NULL,NULL),(263,263,3,'30/06/2022','31/12/2023',NULL,NULL),(264,264,9,'30/06/2022','31/12/2023',NULL,NULL),(265,265,2,'30/06/2022','30/06/2022',NULL,NULL),(266,266,6,'30/06/2022','31/12/2022',NULL,NULL),(267,267,7,'30/06/2022','29/01/2023',NULL,NULL),(268,268,10,'30/06/2022','28/02/2023',NULL,NULL),(269,269,8,'30/06/2022','30/08/2023',NULL,NULL),(270,270,4,'30/06/2022','30/11/2023',NULL,NULL),(271,271,5,'03/07/2022','03/07/2022',NULL,NULL),(272,272,3,'03/07/2022','03/07/2022',NULL,NULL),(273,273,7,'03/07/2022','03/07/2022',NULL,NULL),(274,274,2,'30/06/2022','31/08/2023',NULL,NULL),(275,275,3,'30/06/2022','17/05/2023',NULL,NULL),(276,276,4,'30/06/2022','25/12/2023',NULL,NULL),(277,277,1,'06/07/2022','06/07/2022',NULL,NULL),(278,278,1,'30/06/2022','29/07/2023',NULL,NULL),(279,279,2,'05/07/2022','05/07/2022',NULL,NULL),(280,280,3,'04/07/2022','04/07/2022',NULL,NULL),(281,281,12,'01/07/2022','29/04/2023',NULL,NULL),(282,282,16,'05/07/2022','05/07/2022',NULL,NULL),(283,283,7,'05/07/2022','05/07/2022',NULL,NULL),(284,284,20,'01/07/2022','11/04/2024',NULL,NULL),(285,285,15,'04/07/2022','04/07/2022',NULL,NULL),(286,286,8,'04/07/2022','15/09/2023',NULL,NULL),(287,287,8,'04/07/2022','26/03/2023',NULL,NULL),(288,288,11,'04/07/2022','31/12/2023',NULL,NULL),(289,289,11,'04/07/2022','04/07/2022',NULL,NULL),(290,290,9,'04/07/2022','31/12/2023',NULL,NULL),(291,291,5,'04/07/2022','02/06/2023',NULL,NULL),(292,292,3,'04/07/2022','09/09/2023',NULL,NULL),(293,293,10,'04/07/2022','31/12/2022',NULL,NULL),(294,294,2,'04/07/2022','31/12/2022',NULL,NULL),(295,295,10,'04/07/2022','31/12/2022',NULL,NULL),(296,296,40,'04/07/2022','31/12/2023',NULL,NULL),(297,297,14,'04/07/2022','31/12/2022',NULL,NULL),(298,298,24,'04/07/2022','31/12/2022',NULL,NULL),(299,299,5,'04/07/2022','09/03/2023',NULL,NULL),(300,300,6,'04/07/2022','09/03/2023',NULL,NULL),(301,301,2,'04/07/2022','14/03/2023',NULL,NULL),(302,302,5,'04/07/2022','30/09/2023',NULL,NULL),(303,303,2,'04/07/2022','04/07/2022',NULL,NULL),(304,304,7,'04/07/2022','23/02/2023',NULL,NULL),(305,305,20,'04/07/2022','04/07/2022',NULL,NULL),(306,306,2,'04/07/2022','06/09/2022',NULL,NULL),(307,307,1,'04/07/2022','30/08/2022',NULL,NULL),(308,308,1,'04/07/2022','07/07/2022',NULL,NULL),(309,309,1,'04/07/2022','31/11/2022',NULL,NULL),(310,310,4,'04/07/2022','31/10/2022',NULL,NULL),(311,311,5,'04/07/2022','31/08/2022',NULL,NULL),(312,312,2,'04/07/2022','20/07/2023',NULL,NULL),(313,313,3,'04/07/2022','31/12/2022',NULL,NULL),(314,314,4,'04/07/2022','31/12/2022',NULL,NULL),(315,315,2,'04/07/2022','31/12/2022',NULL,NULL),(316,316,6,'04/07/2022','31/12/2022',NULL,NULL),(317,317,10,'04/07/2022','04/07/2022',NULL,NULL),(318,318,2,'04/07/2022','28/02/2023',NULL,NULL),(319,319,8,'04/07/2022','01/06/2023',NULL,NULL),(320,320,9,'04/07/2022','27/05/2023',NULL,NULL),(321,321,7,'04/07/2022','27/05/2023',NULL,NULL),(322,322,8,'04/07/2022','21/12/2024',NULL,NULL),(323,323,6,'04/07/2022','10/09/2023',NULL,NULL),(324,324,5,'04/07/2022','20/02/2025',NULL,NULL),(325,325,2,'04/07/2022','01/09/2022',NULL,NULL),(326,326,2,'04/07/2022','25/08/2022',NULL,NULL),(327,327,4,'04/07/2022','17/08/2022',NULL,NULL),(328,328,15,'04/07/2022','04/07/2022',NULL,NULL),(329,329,6,'04/07/2022','05/07/2023',NULL,NULL),(330,330,14,'04/07/2022','23/08/2023',NULL,NULL),(331,331,6,'04/07/2022','01/03/2023',NULL,NULL),(332,332,5,'04/07/2022','18/02/2023',NULL,NULL),(333,333,9,'04/07/2022','31/12/2023',NULL,NULL),(334,334,44,'04/07/2022','23/02/2023',NULL,NULL),(335,335,3,'04/07/2022','31/03/2023',NULL,NULL),(336,336,5,'04/07/2022','31/10/2022',NULL,NULL),(337,337,2,'04/07/2022','01/06/2023',NULL,NULL),(338,338,2,'04/07/2022','01/11/2023',NULL,NULL),(339,339,4,'04/07/2022','01/09/2023',NULL,NULL),(340,340,9,'04/07/2022','01/11/2023',NULL,NULL),(341,341,12,'04/07/2022','31/12/2024',NULL,NULL),(342,342,12,'05/07/2022','12/08/2022',NULL,NULL),(343,343,13,'05/07/2022','31/12/2023',NULL,NULL),(344,344,60,'05/07/2022','31/08/2023',NULL,NULL),(345,345,30,'05/07/2022','31/08/2024',NULL,NULL),(346,346,30,'05/07/2022','30/04/2025',NULL,NULL),(347,347,30,'05/07/2022','30/04/25',NULL,NULL),(348,348,20,'05/07/2022','30/03/2024',NULL,NULL),(349,349,20,'05/07/2022','30/03/2023',NULL,NULL),(350,350,30,'05/07/2022','30/09/2024',NULL,NULL),(351,351,10,'05/07/2022','30/03/2024',NULL,NULL),(352,352,10,'05/07/2022','01/30/2024',NULL,NULL),(353,353,10,'05/07/2022','30/07/2024',NULL,NULL),(354,354,10,'05/07/2022','30/07/2023',NULL,NULL),(355,355,7,'06/07/2022','31/12/2022',NULL,NULL),(356,356,14,'06/07/2022','12/08/2023',NULL,NULL),(357,357,5,'08/07/2022','30/06/2023',NULL,NULL),(358,358,8,'08/07/2022','30/04/2023',NULL,NULL),(359,359,3,'08/07/2022','30/07/2023',NULL,NULL),(360,360,12,'08/07/2022','30/07/2022',NULL,NULL),(361,361,13,'09/07/2022','09/07/2022',NULL,NULL),(362,362,4,'08/07/2022','31/12/2022',NULL,NULL);
/*!40000 ALTER TABLE `stock` ENABLE KEYS */;
UNLOCK TABLES;

--
-- Table structure for table `unidad_medida`
--

DROP TABLE IF EXISTS `unidad_medida`;
/*!40101 SET @saved_cs_client     = @@character_set_client */;
/*!40101 SET character_set_client = utf8 */;
CREATE TABLE `unidad_medida` (
  `id` bigint(20) unsigned NOT NULL AUTO_INCREMENT,
  `nombre` varchar(255) COLLATE utf8mb4_unicode_ci DEFAULT NULL,
  `simbolo` varchar(255) COLLATE utf8mb4_unicode_ci NOT NULL,
  PRIMARY KEY (`id`)
) ENGINE=InnoDB AUTO_INCREMENT=4 DEFAULT CHARSET=utf8mb4 COLLATE=utf8mb4_unicode_ci;
/*!40101 SET character_set_client = @saved_cs_client */;

--
-- Dumping data for table `unidad_medida`
--

LOCK TABLES `unidad_medida` WRITE;
/*!40000 ALTER TABLE `unidad_medida` DISABLE KEYS */;
INSERT INTO `unidad_medida` VALUES (1,'Unidad','und'),(2,'kilogramos','kgs'),(3,'litros','lts');
/*!40000 ALTER TABLE `unidad_medida` ENABLE KEYS */;
UNLOCK TABLES;

--
-- Table structure for table `ventas`
--

DROP TABLE IF EXISTS `ventas`;
/*!40101 SET @saved_cs_client     = @@character_set_client */;
/*!40101 SET character_set_client = utf8 */;
CREATE TABLE `ventas` (
  `id` bigint(20) unsigned NOT NULL AUTO_INCREMENT,
  `cod_operacion` varchar(255) COLLATE utf8mb4_unicode_ci NOT NULL,
  `medio_pago` int(11) NOT NULL,
  `suma_prod` int(11) NOT NULL DEFAULT '0',
  `cant_prods` json NOT NULL,
  `valor_compra` varchar(255) COLLATE utf8mb4_unicode_ci NOT NULL,
  `pagado` varchar(255) COLLATE utf8mb4_unicode_ci NOT NULL DEFAULT '0',
  `cambio` varchar(255) COLLATE utf8mb4_unicode_ci NOT NULL DEFAULT '0',
  `procesada` int(11) NOT NULL,
  `created_at` timestamp NULL DEFAULT NULL,
  `updated_at` timestamp NULL DEFAULT NULL,
  PRIMARY KEY (`id`)
) ENGINE=InnoDB AUTO_INCREMENT=40 DEFAULT CHARSET=utf8mb4 COLLATE=utf8mb4_unicode_ci;
/*!40101 SET character_set_client = @saved_cs_client */;

--
-- Dumping data for table `ventas`
--

LOCK TABLES `ventas` WRITE;
/*!40000 ALTER TABLE `ventas` DISABLE KEYS */;
INSERT INTO `ventas` VALUES (1,'credito',2,1,'[\"1\"]','$1.500,00','0','0',1,'2022-07-04 19:26:30','2022-07-04 19:26:30'),(2,'0',1,3,'[\"1\", \"1\", \"1\"]','$3.000,00','3.000','$0,00',1,'2022-07-04 19:59:33','2022-07-04 19:59:33'),(3,'0000002',2,1,'[\"1\"]','$1.800,00','0','0',1,'2022-07-04 20:04:58','2022-07-04 20:04:58'),(4,'1',1,1,'[\"1\"]','$2.900,00','2.900','$0,00',1,'2022-07-04 20:38:16','2022-07-04 20:38:16'),(5,'000414',2,1,'[\"1\"]','$1.500,00','0','0',1,'2022-07-04 20:39:53','2022-07-04 20:39:53'),(6,'965125',2,2,'[\"1\", \"1\"]','$2.700,00','0','0',1,'2022-07-04 21:33:10','2022-07-04 21:33:10'),(7,'256041',2,1,'[\"1\"]','$1.500,00','0','0',1,'2022-07-04 21:43:36','2022-07-04 21:43:36'),(8,'256041',2,1,'[\"1\"]','$1.350,00','0','0',1,'2022-07-04 21:45:10','2022-07-04 21:45:10'),(9,'930341',2,1,'[\"1\"]','$1.200,00','0','0',1,'2022-07-04 22:50:23','2022-07-04 22:50:23'),(10,'5553577',2,1,'[\"1\"]','$2.100,00','0','0',1,'2022-07-04 22:56:54','2022-07-04 22:56:54'),(12,'358963',2,3,'[\"2\"]','$2.000,00','0','0',1,'2022-07-05 00:11:05','2022-07-05 00:11:05'),(13,'2',1,1,'[\"1\"]','$1.500,00','2.000','$500,00',1,'2022-07-05 00:28:59','2022-07-05 00:28:59'),(14,'103156',2,2,'[\"2\"]','$2.000,00','0','0',1,'2022-07-05 00:44:22','2022-07-05 00:44:22'),(15,'072872',2,3,'[\"1\", \"1\", \"1\"]','$10.000,00','0','0',1,'2022-07-05 01:08:03','2022-07-05 01:08:03'),(16,'3',1,1,'[\"1\"]','$1.300,00','5.300','$4.000,00',1,'2022-07-05 01:24:41','2022-07-05 01:24:41'),(17,'182275',2,2,'[\"1\", \"1\"]','$2.800,00','0','0',1,'2022-07-05 17:18:58','2022-07-05 17:18:58'),(18,'001894',2,2,'[\"1\", \"1\"]','$1.800,00','0','0',1,'2022-07-05 17:27:38','2022-07-05 17:27:38'),(19,'4',1,1,'[\"1\"]','$500,00','1.000','$500,00',1,'2022-07-05 17:33:50','2022-07-05 17:33:50'),(20,'291161',2,1,'[\"1\"]','$1.800,00','0','0',1,'2022-07-05 17:35:03','2022-07-05 17:35:03'),(21,'009890',2,1,'[\"1\"]','$1.800,00','0','0',1,'2022-07-05 18:31:03','2022-07-05 18:31:03'),(22,'5',1,1,'[\"1\"]','$500,00','1.000','$500,00',1,'2022-07-05 18:43:39','2022-07-05 18:43:39'),(23,'6',1,3,'[\"2\", \"1\"]','$3.200,00','20.000','$16.800,00',1,'2022-07-05 21:53:19','2022-07-05 21:53:19'),(24,'7',1,2,'[\"1\", \"1\"]','$5.200,00','10.000','$4.800,00',1,'2022-07-05 23:30:12','2022-07-05 23:30:12'),(25,'8',1,1,'[\"1\"]','$3.200,00','3.200','$0,00',1,'2022-07-06 00:05:49','2022-07-06 00:05:49'),(26,'711376',2,1,'[\"1\"]','$1.800,00','0','0',1,'2022-07-06 17:20:08','2022-07-06 17:20:08'),(27,'9',1,2,'[\"1\", \"1\"]','$500,00','500','$0,00',1,'2022-07-06 17:23:30','2022-07-06 17:23:30'),(28,'945905',2,5,'[\"4\", \"1\"]','$4.000,00','0','0',1,'2022-07-06 18:15:46','2022-07-06 18:15:46'),(29,'10',1,1,'[\"1\"]','$1.000,00','1.000','$0,00',1,'2022-07-06 20:08:17','2022-07-06 20:08:17'),(30,'515062',2,2,'[\"1\", \"1\"]','$2.500,00','0','0',1,'2022-07-06 20:58:30','2022-07-06 20:58:30'),(31,'003331',2,2,'[\"1\", \"1\"]','$2.200,00','0','0',1,'2022-07-06 21:02:33','2022-07-06 21:02:33'),(32,'003331',2,1,'[\"1\"]','$300,00','0','0',1,'2022-07-06 21:13:24','2022-07-06 21:13:24'),(33,'221194',2,1,'[\"1\"]','$1.500,00','0','0',1,'2022-07-06 22:53:56','2022-07-06 22:53:56'),(34,'104777',2,2,'[\"1\", \"1\"]','$2.700,00','0','0',1,'2022-07-08 17:34:06','2022-07-08 17:34:06'),(35,'11',1,1,'[\"1\"]','$1.500,00','2.000','$500,00',1,'2022-07-08 17:35:37','2022-07-08 17:35:37'),(36,'12',1,1,'[\"1\"]','$600,00','1.000','$400,00',1,'2022-07-08 21:38:55','2022-07-08 21:38:55'),(37,'13',1,4,'[\"4\"]','$3.200,00','5.000','$1.800,00',1,'2022-07-08 22:20:06','2022-07-08 22:20:06'),(38,'14',1,1,'[\"1\"]','$1.000,00','1.000','$0,00',1,'2022-07-08 22:21:14','2022-07-08 22:21:14'),(39,'15',1,1,'[\"1\"]','$600,00','1.000','$400,00',1,'2022-07-08 22:21:46','2022-07-08 22:21:46');
/*!40000 ALTER TABLE `ventas` ENABLE KEYS */;
UNLOCK TABLES;

--
-- Table structure for table `ventas_prod`
--

DROP TABLE IF EXISTS `ventas_prod`;
/*!40101 SET @saved_cs_client     = @@character_set_client */;
/*!40101 SET character_set_client = utf8 */;
CREATE TABLE `ventas_prod` (
  `id_venta` bigint(20) unsigned NOT NULL,
  `id_prod` bigint(20) unsigned NOT NULL,
  KEY `ventas_prod_id_venta_foreign` (`id_venta`),
  KEY `ventas_prod_id_prod_foreign` (`id_prod`),
  CONSTRAINT `ventas_prod_id_prod_foreign` FOREIGN KEY (`id_prod`) REFERENCES `productos` (`id`) ON DELETE CASCADE,
  CONSTRAINT `ventas_prod_id_venta_foreign` FOREIGN KEY (`id_venta`) REFERENCES `ventas` (`id`) ON DELETE CASCADE
) ENGINE=InnoDB DEFAULT CHARSET=utf8mb4 COLLATE=utf8mb4_unicode_ci;
/*!40101 SET character_set_client = @saved_cs_client */;

--
-- Dumping data for table `ventas_prod`
--

LOCK TABLES `ventas_prod` WRITE;
/*!40000 ALTER TABLE `ventas_prod` DISABLE KEYS */;
INSERT INTO `ventas_prod` VALUES (1,151),(2,163),(2,162),(2,161),(3,205),(4,215),(5,216),(6,318),(6,168),(7,11),(8,110),(9,166),(10,316),(12,90),(13,200),(14,280),(15,3),(15,306),(15,153),(16,46),(17,41),(17,98),(19,174),(20,205),(21,205),(22,174),(23,338),(23,140),(24,158),(24,46),(25,152),(26,205),(28,334),(29,93),(30,244),(30,11),(31,147),(31,149),(32,38),(33,146),(34,169),(34,318),(35,200),(36,299),(37,29),(38,163),(39,175);
/*!40000 ALTER TABLE `ventas_prod` ENABLE KEYS */;
UNLOCK TABLES;

--
-- Dumping routines for database 'inventario'
--
/*!40103 SET TIME_ZONE=@OLD_TIME_ZONE */;

/*!40101 SET SQL_MODE=@OLD_SQL_MODE */;
/*!40014 SET FOREIGN_KEY_CHECKS=@OLD_FOREIGN_KEY_CHECKS */;
/*!40014 SET UNIQUE_CHECKS=@OLD_UNIQUE_CHECKS */;
/*!40101 SET CHARACTER_SET_CLIENT=@OLD_CHARACTER_SET_CLIENT */;
/*!40101 SET CHARACTER_SET_RESULTS=@OLD_CHARACTER_SET_RESULTS */;
/*!40101 SET COLLATION_CONNECTION=@OLD_COLLATION_CONNECTION */;
/*!40111 SET SQL_NOTES=@OLD_SQL_NOTES */;

-- Dump completed on 2022-07-11  7:16:59
